-0.997444827561991,0.002341481964694835,-0.006190760866137853
-0.9837203074980844,-0.00043368976442690395,-0.06308069462161234
-0.909561140868591,-0.03661687135643213,-0.02738372650380886
-0.8364984718516438,-0.03349729977479561,0.013031068551288223
-0.8437056464520915,0.041031021373468056,0.0034911014812422166
-0.8249228222357149,-0.04429166731903234,-0.021814275465279497
-0.740411797370151,0.010327155147945268,0.00020747782775227717
-0.749843086923569,-0.0511650143265291,0.030455750419701867
-0.6684610893073317,0.02891219226544823,-0.02697841096255079
-0.5999003814955737,0.003938976429194553,-0.006835253149287764
-0.6266856949569978,-0.010714390556518145,0.009618199811419653
-0.5566713211157134,0.0031753097209210332,-0.017096950186486996
-0.4838022977590578,-0.015043039090056807,0.06589280945200247
-0.4772605312709964,0.02066490008206472,-0.004873147206950336
-0.49039432326396276,0.02851014838178755,0.03087983183648669
-0.33318615685796693,0.06228016706887881,0.006163202359852956
-0.3617269666672997,-0.0009025030425300842,-0.058546512031878925
-0.3010902830725064,0.008945870116824156,0.011677982809804236
-0.2999993029325134,-0.000650836654400462,0.016349721893343206
-0.2196916719795971,-0.03929062212060901,-0.015182903271849653
-0.28395128959441684,-0.0009237739014550935,0.07634521253886267
-0.15947944999470431,-0.05255557632148468,-0.010802023791514254
-0.03957117876366436,-0.026316887526057556,0.017003661109558768
-0.05411205311101508,0.011034405529662653,0.02263109304362915
-0.020874222025289296,0.007446111091958695,0.07911011844989459
0.019667732320823698,-0.032874543818769676,-0.025897640818295813
0.04449978950048016,-0.02776958314915519,0.028226722279140297
0.09048994405256082,0.026715449531144603,-0.011119075912594586
0.11483196347122214,0.04906752448667737,-0.033732426946368896
0.13577487038871724,0.03349656434906255,-0.04877163866552597
0.2091131724252036,0.0033284397538685144,0.034016561535131745
0.26318795750169527,0.007962949454644964,0.04588766394527897
0.3002426338361424,0.010585712347926806,-0.035972681903398286
0.3611396591419523,-0.0063294404086766025,0.01805448665669976
0.3714978728179375,-0.002247733312281169,-0.028151896817823867
0.44690728757048437,0.016138591974569117,0.03047188569707325
0.4529051220252646,0.014421803031478326,0.0031971225558870436
0.5078300278563166,-0.017211299194926796,-0.043559981289825876
0.554873754657802,-0.018972125892937775,-0.053699059487044794
0.6282700790968714,0.03561624430835766,0.016792238931808007
0.5948133462953147,0.05074515923926202,-0.04235152098276696
0.6807385670921567,0.009130822171764273,0.03148430216079985
0.7279240848783788,-0.007041146264708748,-0.010660947527329767
0.74866383388393,0.0037754178169251934,-0.005897409538694109
0.8030078958343776,-0.06272402763086149,0.03453490656390837
0.870569708216548,-0.018127616962392578,0.002781088350600958
0.9009805646442877,-0.023203656546174158,0.02290072828641894
0.920186448123702,-0.000498372109947095,-0.021748983098143073
0.9632194768649563,-0.010317931894370351,0.014250964722532719
0.9813558615865997,-0.0014114815471755172,-0.0776716600074071
-0.014440071084875558,-0.04627182232783066,0.9615362580772993
0.05890181737349755,-0.05544491550584826,0.9991892628352346
0.006104061168963386,-0.000549691948023331,0.9346524333857685
0.09342630936723287,-0.0056251083971145446,0.9659544251855042
0.07860345315135762,-0.003447244606605182,0.9306503411832293
0.09935047844158543,-0.03010552349735859,0.8902088938891749
0.12986264504735748,-0.01284515096096508,0.9193889166724389
0.0884494679746441,-0.008701957359044055,0.8491296638969715
0.17331578233029735,0.01532806463050627,0.8789496176186354
0.2234701323011895,-0.0023101770538017903,0.8426688851929857
0.20945730224819362,-0.02388310858894866,0.8212463708403531
0.18912977942734863,0.01614241105598432,0.769043293843576
0.21255235473081324,-0.011496175011723392,0.7646451738689625
0.2920054063183215,0.05612463415628785,0.8047273137782263
0.292927220755138,0.0077583816511597485,0.732286858572222
0.2500631149981905,0.03032348696599837,0.6514674586377799
0.3353532443811086,-0.014609096252579046,0.6565890104832127
0.3416416320425424,-0.014375133476664312,0.6603292476056573
0.33820325601529533,-0.039826985606788615,0.6142494374138179
0.396720339008557,0.011361262831618868,0.6134294611938034
0.3649805766108167,0.001196341716174584,0.5748884019189399
0.4097137458223038,-0.033171992559554254,0.5585693455676504
0.48250057015288056,-0.027584386704858688,0.5731178846705415
0.5172509864906238,-0.013098840321790692,0.5410673726026929
0.4915951264747731,-0.040155683266827565,0.537749473189852
0.4929510724975093,-0.03200729373753882,0.44581966472975465
0.5207788976207706,0.009969609343234369,0.548205999445332
0.5693907816621443,-0.016286319797896066,0.3992146023687481
0.5856923423847123,-0.008856516769558455,0.43834313616827103
0.584184522673654,-0.015365939179705019,0.4194215719238849
0.6047663580420266,0.09462442500788569,0.3661933393640959
0.6677209516375461,-0.0064931995654662735,0.3583730527772007
0.6514330143455795,0.008144259823712797,0.3100030479500637
0.7024153108638665,0.026358058398748368,0.3390674324938046
0.6918493418192719,0.0006422653346938663,0.2629134740932525
0.7526880374164006,-0.010661157940826642,0.26809710876017934
0.7296850162774314,-0.009256287600806613,0.26249166878993446
0.7685589928918379,-0.03405778294761825,0.19691011651903484
0.7514760036611937,0.002028469402069453,0.21610184965755863
0.8205373253420866,-0.04604846405011054,0.19784839848288951
0.8112135622784019,0.013234390207262721,0.1431134050409651
0.8339210443955037,0.01619700267685327,0.2147386041627514
0.8411225558373087,0.05125153189645734,0.11302910330294348
0.9088813931004528,-0.010645768431836698,0.041666214614000274
0.8849413126764691,-0.034344928456723725,0.16107792328811624
0.9416623937976901,0.06911118830875107,0.013257674522642524
0.9756422673888433,-0.051438609595348524,0.09479179838643088
0.9712833247862839,-0.05417733308349417,0.07602938980794302
0.9741876297663307,0.011494374895004251,0.019376824158984673
1.0039853439496729,0.008951075040344862,-0.00818206554986502
0.012600439234679536,-0.006884720285025238,0.9958418536050565
0.018278862783281512,0.005199013938743022,1.0030316775909691
-0.04036194287671626,0.008455997954485548,0.9660066279905439
0.002896241986824019,-0.019412177957905126,0.9303715878113636
-0.058652393646757686,0.004846863765715853,0.9113249111388149
-0.11187485058461523,-0.013392627975490607,0.9049903282262011
-0.06540115991196876,0.021502721264853454,0.8781700925293834
-0.17000902998640222,-0.09846768035126098,0.8849794040393397
-0.18562116803930778,-0.056428032631978584,0.8512956249294172
-0.12591727469014363,0.005807683668835494,0.836629144684684
-0.2017253793352644,0.029154654589399864,0.8071948917442556
-0.22697097254510284,0.002563686496687666,0.7251557608523724
-0.29418703767628585,0.007507141247210961,0.7462629605089026
-0.25186221037534634,0.029240308353248437,0.6881914688545325
-0.30020727499350736,0.018079230506382032,0.6713141129371392
-0.3162542882838549,0.02483481357737175,0.6916867675041827
-0.360653411684269,0.021947941701697123,0.6680625141327886
-0.3523321080944573,-0.03189457741863445,0.6951790608890172
-0.4266878454562461,0.030109714390925715,0.6054668126920231
-0.4182112765024167,-0.006332665402187082,0.579269078280946
-0.4255829043083246,0.02901499862802518,0.5579792287053247
-0.3894533329435707,0.004897514955565626,0.5908209759852989
-0.4581783324665563,-0.02390181738976132,0.5558327563269788
-0.503027602846811,0.024687292589092445,0.5266381064563619
-0.47336008656108175,-0.01010599662220584,0.5160777588661863
-0.4842874779916897,-0.002122981336001819,0.4911164662781031
-0.5835903712962314,0.027966674196285353,0.41420197952656634
-0.5853818722782468,0.010402493407255985,0.4714109903049841
-0.5586367165810221,0.00980086028833098,0.4419528602861496
-0.5692080879190642,0.045832191555755034,0.40674258183398027
-0.519997830770384,-0.054518366578470645,0.41330051939544793
-0.6276476041764403,0.023566262457250794,0.3825640190199646
-0.6992943886160741,0.026799513076929418,0.34785963764881295
-0.6615502300500398,-0.00175823867595269,0.3245030357093279
-0.658239093555631,-0.04117614520536818,0.24368026498965828
-0.676815059920477,0.013104667503745952,0.30216844013482025
-0.7567973202054733,0.06797770968326408,0.2740888030350325
-0.720126506125151,0.03705634517184823,0.2191948945313693
-0.8079586954101814,-0.0005809584504865413,0.21361617278420336
-0.7511107622788837,0.08508167439709705,0.254221192047225
-0.7988550675153322,-0.009506253444373123,0.1928186777640169
-0.8395418211997909,0.0011684749513195078,0.13314292563831776
-0.8287842888972011,-0.00530820073459912,0.10783122320161473
-0.8980135882376035,0.02296127908503451,0.12099340903734764
-0.8352489254033324,0.050802806470272896,0.04231722953610665
-0.9661223815381947,0.021840128930053073,0.06814296878880713
-0.916489466838674,-0.037179233588608834,0.049055391402453186
-0.921906988121278,0.01059096545714619,-0.013656391955306088
-0.9729819852952567,-0.03359224583373013,0.011776379859717946
-0.9930955025240854,0.019570150376879123,-0.004748352891571709
-0.03968578990213177,0.8625637043834288,-0.5331071215341681
0.03833754082921254,0.819460894662683,-0.4142751084255937
0.029843308748174785,0.853822940733614,-0.4990799372137661
0.04183534447674299,0.8183663931371077,-0.49041090297308976
0.07685866836913575,0.8205737458324611,-0.4323617796379165
0.10403217553178502,0.7332621629005323,-0.4517444974744516
0.12868665170583396,0.7991881278017677,-0.4567039742083718
0.12767635907436822,0.752928918636657,-0.44899159409878603
0.16618164134181862,0.7389991062475731,-0.4116211587933719
0.19222653088509087,0.6907726989478439,-0.4471254490773462
0.22660908013515532,0.7057397041080511,-0.3850229328652374
0.22865995916351461,0.6615944411249515,-0.4352906244018515
0.26804039868790647,0.6333044826150062,-0.3912805513998984
0.2825590709901822,0.6550466218562035,-0.3567246148609252
0.2564294686316475,0.6247357772723304,-0.33402668071835506
0.31940425282039264,0.555590243982233,-0.34597866563030294
0.32009437484262765,0.602655782427497,-0.3391722073040572
0.36865170781811624,0.5581243082709519,-0.3729910796373092
0.3879473852739239,0.5373847822667671,-0.27878699406708213
0.38532697329071464,0.5273038012297622,-0.310362212549272
0.40169503423058633,0.469870660308933,-0.2829576930845986
0.44875111366949183,0.4821153281427555,-0.2748643159761729
0.45231694265321953,0.4574906866105087,-0.289580639937029
0.4541169836371381,0.46562285273681836,-0.24794735506605622
0.5002957327428964,0.46623009448037955,-0.20264219063372454
0.5294710574962265,0.41250379399472054,-0.22538043758972187
0.4816880072493798,0.3926198714102847,-0.2886100797039465
0.5336966799110389,0.4154180220072655,-0.23621636007963373
0.5924975664975279,0.39871943131647974,-0.16478584102053434
0.5612984857117376,0.3789295383283399,-0.25442020683457445
0.607162888029356,0.2944681265083112,-0.18988314426330902
0.6214497020004685,0.31132434819128846,-0.1890359353788003
0.6646691569285926,0.2996810611476558,-0.17472918414690017
0.6533982473766434,0.29398151494999214,-0.11522042316508706
0.6970366479723067,0.22751042480913705,-0.22708065809195405
0.6940115763414131,0.26172417940526127,-0.09947975304898088
0.755322083372236,0.2826817968770739,-0.0961989878293488
0.7919025234455985,0.198571024624988,-0.13837556978089943
0.770461390658813,0.15950659746718393,-0.10057981048523515
0.7984344480265669,0.16433041151839423,-0.10276452085006856
0.7981082620867486,0.182744034835881,-0.08977687010817918
0.8429212751299104,0.15242954196466751,-0.08479954249926598
0.7750265311958503,0.09057862234477726,-0.056582552766468244
0.8895355363729587,0.079799509695856,-0.026784492783086068
0.8647005276373658,0.021811721028749217,-0.10273630326428715
0.8818820348729414,0.07380958997787826,-0.0601332652981225
0.9468548802523424,0.004595618445681113,-0.03326803659618275
0.9965961873361608,0.06957314902794548,-0.005632131916267958
1.011068928490705,0.022531369798743872,-0.012082237643248332
1.0148234087464687,0.016716149603800273,-0.0065831681824823005
-0.03628635314235638,0.8211973367256555,-0.44706088774879954
-0.05006338594978364,0.8634419347121834,-0.48729129775816793
-0.0503879761746921,0.8709818439069182,-0.4847842544537459
-0.060890042148656544,0.7857863990522443,-0.4510919393220969
-0.09938692413171143,0.7956669522486205,-0.4244859237292512
-0.11636904092303843,0.7253924449937182,-0.43649767023630737
-0.12138393433196712,0.768699783447344,-0.44144708690394446
-0.09116902831710419,0.7463507622312513,-0.43732462752753637
-0.1173233373387573,0.6942507041999897,-0.39416301152806466
-0.13919152357641854,0.720443074997736,-0.4250201088151642
-0.22842711165241275,0.6927955943933936,-0.35755671593149024
-0.21796030061562144,0.6699826498685727,-0.3976445798810869
-0.24493871998980038,0.6463574466638968,-0.3996314975293511
-0.2565447893994198,0.61236613383233,-0.3754373985429772
-0.303070622736096,0.5459811397090738,-0.3876684642159488
-0.24092156835637357,0.5582932265985343,-0.37889751629230106
-0.35950356178798915,0.5743783124254925,-0.34972297221055776
-0.34728382708863664,0.5837125756603415,-0.3198609425794703
-0.35133550832132787,0.4943444191262669,-0.33788056926476656
-0.33693169851542826,0.48385078270097476,-0.32967930561433045
-0.37645620356570436,0.5196524122092068,-0.3417435285230584
-0.41657722147638576,0.46475688976000645,-0.23705674839836668
-0.4331254696888548,0.5178943790879094,-0.2743299949064022
-0.43469284543115205,0.44499538444829645,-0.30011263567510915
-0.4811938094756017,0.426036283188867,-0.35376717826667703
-0.4897877255948984,0.45536331867824953,-0.24154307909077008
-0.5274893684995112,0.4030555178075116,-0.2945101950702096
-0.4896635985942677,0.38914647242281747,-0.21880295701226565
-0.5983981957380733,0.3960542250503422,-0.17100757990305493
-0.6044731280005572,0.3848827230857626,-0.19705710531843196
-0.5487932204085416,0.32454366996973893,-0.20359115124152755
-0.5892549467930235,0.2810679381096457,-0.21354365866025565
-0.6375782280695875,0.3226198430382655,-0.22092205914253582
-0.6119294717188761,0.22116792651397016,-0.1541109730809399
-0.6786637148891806,0.24518951581402462,-0.1412231007510046
-0.7518033448999675,0.24185972075095313,-0.15197019488268396
-0.7385903816210226,0.21453244318152964,-0.1359761156155886
-0.7228599780717616,0.16594053158090494,-0.05027245333600583
-0.7997775928612527,0.23162538936656699,-0.10534369491146094
-0.8172598456115849,0.13064832072463345,-0.1218880535473585
-0.786584841955648,0.16707672114581007,-0.13744794568498409
-0.8319962279087519,0.14413306040403817,-0.14531329084350617
-0.9100693377264049,0.07087047817414246,-0.07379385076172044
-0.8514408146257111,0.11126505489768024,-0.036085200890833904
-0.8469218048841497,0.1148156950951988,-0.03274017289336496
-0.8618691280910072,0.0799522495031826,-0.01193572171410899
-0.9827694286647479,0.017299590875910285,-0.05840659661616187
-0.9312753259907187,0.058303571128828814,-0.01739900741725269
-1.0048074820113524,-0.016651858561261848,0.00608968706197692
-1.0559064330160897,-0.001463278724447129,-0.010802226363867459
-0.027433166647054367,0.8616285655495038,-0.5165229914251348
0.03990926537855442,0.8473089222581647,-0.4833683353621225
0.00798726715426097,0.8937478260034647,-0.4451398771360558
-0.04346343164446342,0.8012788459407053,-0.4260920655321574
0.03492774547279998,0.7748560450395324,-0.3820050233991433
0.03206696450799319,0.7570394751091545,-0.3494553459022711
0.003302884300507446,0.7742053892095777,-0.3604284555088283
-0.004086131249356913,0.7567427118183012,-0.2960615078167199
-0.012031639527297643,0.7100953889091193,-0.2449042510504907
0.01679867112458387,0.7014098910110687,-0.24895240874624358
0.01422985579053123,0.7217681441795186,-0.22875128609652645
0.007041199093251498,0.6164854793621277,-0.12920134771493108
0.02862288668459497,0.6377701897296075,-0.11279346293922775
-0.019413648694487615,0.6233815927354839,-0.08783183690182474
-0.021657534001367804,0.5946758695190864,-0.09738762637829032
-0.009897980989350776,0.5691733889526966,-0.07562333335188517
0.028863104526416647,0.5868745909278311,0.02338364649760233
-0.051045697464300925,0.6247895996480899,-0.01589266692024143
-0.038728379253142944,0.5163614515054038,0.03210981284977559
-0.03565779094384179,0.49246874740013813,0.066134515862546
-0.03415935154372237,0.4971173865767733,0.11604781403024331
-0.015581801568723705,0.4993484388321538,0.13266335578992794
0.03357359444708102,0.4547213525657913,0.11606048550354814
-0.0033667818066546785,0.47698763267400657,0.2109550795338145
0.012475787007504084,0.4536548920515837,0.23207754489571844
-0.012750355829753441,0.3951516844873275,0.27086567701321446
-0.04840291754577076,0.3594332546164096,0.2911733640212128
0.0333644221350292,0.35516922993434574,0.36501550102297897
0.04107818704301197,0.3770430643856325,0.34368191252792807
-0.036212430987634,0.36612841689652253,0.3884582556303888
0.046946406700460415,0.3432593199922468,0.44960677501234103
0.015527786730103521,0.3269848826273077,0.4738848392830663
-0.02584488418022502,0.3137552796095912,0.4710025344716003
-0.037788359963166866,0.3244880449896319,0.5455527439225837
-0.0213782857684143,0.2809664513432133,0.5468883710241882
0.030517503196487886,0.2318928979935455,0.5573416966204371
0.011729591123726846,0.2473026331099002,0.619111565255075
-0.06447418389223344,0.19295434527998429,0.663311593110535
0.017811927725037195,0.17480853345531594,0.6848949582448662
-0.02848540903748837,0.20002822788794214,0.7420595211788799
-0.008511540862150125,0.10928885201150697,0.7077250113486563
0.015943091330776257,0.14331180148975473,0.7515004556904703
-0.013111442517190925,0.14464049557966632,0.7677272611025726
-0.018971546887003816,0.1095131915872496,0.8146835120705876
0.01397895877035281,0.10942687187067482,0.8711758840722325
0.05672661775317902,0.06984356163907549,0.862573896039372
0.02438324287692981,0.0757187697952201,0.8972323974274597
-0.005771971152888808,0.07120235949120679,0.9447626379057139
-0.055340066011074676,0.0032263756959380156,1.0051825123034603
-0.02007874017640446,-0.06296490044654646,1.0091069239705517
-0.019165063822531272,-0.8831338796335237,-0.489648091499632
0.06674650290830914,-0.876861387054608,-0.5489025763766258
0.03808343874970688,-0.8098007153554916,-0.5005620798042388
0.07516768383637815,-0.8276126561361358,-0.46958087313481733
0.07699371069377228,-0.8052584205986473,-0.47673822345658273
0.07607508895099535,-0.8078799365705484,-0.43509665625761035
0.19239951213308554,-0.7653534766386646,-0.4480044210536404
0.13442991536477977,-0.8439942464664092,-0.4740753787907438
0.25347629224369905,-0.6994895757386448,-0.3987241854612165
0.20795925640478155,-0.709395968112251,-0.4684053171653765
0.15513366695150668,-0.7135045797602936,-0.3725440720591446
0.2159684990064931,-0.6566816605335946,-0.437157698690633
0.22239377184208342,-0.7038214728347122,-0.4039554408979291
0.2730155756404483,-0.6043777756362827,-0.41860641536071047
0.31682405605157166,-0.601041352695712,-0.33923960982906115
0.34813513151867703,-0.5904171327584994,-0.3364919916819533
0.30438805025320753,-0.5693315236796791,-0.3420594628446179
0.3120489624619519,-0.5740622241049285,-0.28415692858569824
0.3609317147919528,-0.5326793767368931,-0.31986864549825933
0.4145041438741787,-0.5110062852290237,-0.3231281268451065
0.4626700307797327,-0.45234009671203185,-0.2731455335285359
0.3586178912408765,-0.5007831814891847,-0.20726764452863844
0.4558773353006391,-0.4938223539886635,-0.26502895184318787
0.44465146621461715,-0.492372835701834,-0.23052382603140342
0.5082633030884727,-0.46070644363234237,-0.2531397229223377
0.46823241318764847,-0.41810429486001843,-0.28654186301836954
0.5384834877167617,-0.4322718271560649,-0.2742234166067947
0.5742494160680988,-0.3948721687026778,-0.21099991859940537
0.6374736690346915,-0.3981864595884008,-0.2181821905259609
0.6176627577093623,-0.29355118305674704,-0.22410968561777478
0.5754484449229763,-0.32995631171927153,-0.22391892856141302
0.6334861935046001,-0.345543328486087,-0.14540057082089303
0.6748271575126009,-0.2979409475222235,-0.16036938544645457
0.6805218274743482,-0.2838622169900302,-0.17409502772848384
0.6762225359578998,-0.20795299249141966,-0.1485148446865666
0.7767043311293758,-0.27198352328708475,-0.1608536470467857
0.705817486734408,-0.23178046547667908,-0.16117198132718624
0.7348145043710111,-0.1504765821495621,-0.10778458018806888
0.76989563047729,-0.1913744670144768,-0.08979352048645478
0.8403894865630562,-0.20539847188223023,-0.13122053872903114
0.8619411207866065,-0.17901832771952184,-0.08815164529224459
0.8113539830686235,-0.12387750736823491,-0.0993952577168879
0.8305509742251174,-0.1389039156624714,-0.06567894510035216
0.8809616340108343,-0.11735276765375696,-0.002686475672184982
0.9103029737596801,-0.0902673702131034,-0.06117044481087878
0.9469344998592496,-0.0972890250104298,-0.015435460258846453
0.924298376132569,-0.0724783618857607,-0.016879111451749675
0.982190235617385,-0.015143953079441198,-0.012758178873293384
0.9448574670595444,-0.008348605594073891,-0.047315720556294516
0.9895320915322485,0.0006745059825194463,0.013870323665958114
0.027876603966566733,-0.8519728874403353,-0.5110258358465541
0.02653000461863583,-0.8297227304250083,-0.48898377156198963
-0.02851194421883948,-0.8047118065589087,-0.5006170576590293
-0.06635346991252225,-0.7653714292050572,-0.4284362243037212
-0.08967827564844898,-0.7820711226394146,-0.45448488015865907
-0.09249684595427381,-0.8011230718168459,-0.44150687781883813
-0.0795483374561097,-0.7681350533742904,-0.48555718551589305
-0.11283548932865363,-0.7223033029411441,-0.3915222576463677
-0.14929132833104458,-0.7245903219183178,-0.4553358105028741
-0.1782596950064254,-0.7235451403851612,-0.44070885810755345
-0.22481295965543938,-0.6767576089815764,-0.41971752560273834
-0.1630084553803374,-0.7067346609349576,-0.3664861273777743
-0.20432152582184535,-0.6592958239988316,-0.39976333707372097
-0.22569267238616034,-0.6297564876635925,-0.34183550627905834
-0.29967945177052835,-0.6401808384751714,-0.30168365323385554
-0.2699141152602405,-0.5739299621482319,-0.32899809769226296
-0.35073839140155927,-0.6007815062164865,-0.31885296310020356
-0.3323388675231936,-0.5347855247041005,-0.3609880670517863
-0.34830300429426275,-0.5272776401172656,-0.32924340075171726
-0.42623341884516985,-0.4956102047032368,-0.3164919266242486
-0.3556494038324491,-0.5230126065171223,-0.3414414412753438
-0.42609389339148307,-0.47577630438002766,-0.3259707641502945
-0.48642238483105454,-0.470047848341099,-0.259661091274745
-0.45066976459983377,-0.42741744380099167,-0.22171918427245196
-0.504187478408775,-0.4130849116231261,-0.3000195096137777
-0.5591451196399695,-0.4000905787477047,-0.2836187258105084
-0.5283779322865783,-0.42933948991068427,-0.21416930995781983
-0.5735089682271096,-0.38514552852587275,-0.20464184403967475
-0.5619785652272237,-0.355330411984993,-0.18978493877785443
-0.6542972102779405,-0.3631199402244071,-0.23446533550675863
-0.5798879649816943,-0.3660573760938231,-0.20290487134867569
-0.6143416247805707,-0.27215025301951123,-0.15154543877145601
-0.6293531964505501,-0.31515001518050234,-0.15188574965630686
-0.6506584017680752,-0.2559592083295072,-0.13919279708795315
-0.7201953435538307,-0.27810418698906497,-0.12100484302485633
-0.7114639527443065,-0.253118214849081,-0.1226077189655654
-0.7321891847184304,-0.2784485582424238,-0.107611843709456
-0.7647805610337435,-0.246214474331761,-0.10578530739122095
-0.8467099009592741,-0.1792823498830153,-0.13052601141284248
-0.8658281913583651,-0.1438662177159022,-0.09268291354904132
-0.8554152997764655,-0.20367061116206986,-0.08055419156226548
-0.8108484686186017,-0.15034293928441572,-0.14137838150331195
-0.8845276607593384,-0.19303067637805815,-0.09862304936091647
-0.8389987961549188,-0.10597220279284562,-0.08150259875677468
-0.9534841428239158,-0.06905108301250895,-0.07182265398361691
-0.8979395729446015,-0.10025080701565971,-0.04541089984943669
-0.9185892931807996,-0.04968497036805794,-0.012551416780529623
-0.9648158758901042,-0.04558202016657398,0.010269798601647877
-1.0194222618744317,0.03636004591458476,-0.07148846510490128
-1.0029228455784651,0.01683855815208498,-0.002381512349907546
-0.01924800595604404,-0.8684327373454793,-0.45234572111477145
-0.04909814879912591,-0.8608958708017483,-0.4146473493692562
-0.036332358116529136,-0.8050118018566559,-0.4205075113928288
0.033173125457602426,-0.8117871020485835,-0.4152036759829876
0.0367064578514266,-0.8118805709207529,-0.3933419332513521
-0.06371389449922822,-0.7378884675906442,-0.3461694687552804
0.03490515402101738,-0.7794262190678328,-0.27803586698490396
0.0245195054315199,-0.7227948653607739,-0.28850903566921504
0.00903393084672635,-0.7325603611023525,-0.2936083187735239
-0.06455195949889012,-0.680972695288295,-0.20386632658033954
-0.03165408924303758,-0.6460030759934771,-0.21714345619564865
-0.039216078400250404,-0.6442334611565605,-0.2055953728347802
0.023488675076866358,-0.7031447934275131,-0.14168914411503455
-0.03831749410166034,-0.6582147899389336,-0.038254643166987595
-0.019134422794399943,-0.6225279594866198,-0.02648729272218072
0.02358449878848067,-0.5850982194448257,-0.05940329549372071
0.020634684753855576,-0.6047752192570398,-0.013312076236946148
-0.015845158665642147,-0.5531200817461988,0.024691718207182613
-0.053145177700373754,-0.5271042159064092,0.022918411038234547
-0.019710076410604165,-0.5374763343781551,0.08274994455457564
0.001064906674426508,-0.5193565698922626,0.11368991121085865
-0.019041172326936605,-0.5065298587464457,0.1236438060357645
0.070985550780944,-0.47155385272888906,0.17519089381496689
-0.057192047781415185,-0.42676689636121556,0.22713391324825244
0.06675800542305113,-0.4529529329230869,0.2514773930100292
0.0016196603343027632,-0.4522892047158511,0.2373523720570656
0.008932889486229362,-0.4297563146414564,0.2593133444995657
-0.023266234028265487,-0.3956923373552317,0.3351695090732988
-0.023173215941540745,-0.3750474569196797,0.39006098826135166
0.03613562777551633,-0.32575281295968317,0.3652970942189079
-0.006556280895668245,-0.34781689729404364,0.4374092662334514
-0.04204155881582744,-0.3402685192547143,0.4576466099093964
0.009799201802291798,-0.2619784225287538,0.45286282871825867
-0.017399780545183496,-0.3295732578315578,0.5914533244103135
0.03625555849778,-0.2790943526069342,0.5325861519703379
-0.028978696916262266,-0.2618061218703197,0.5702639869057604
-0.013124848083889558,-0.22024725020998273,0.5606435356219606
0.07560371940984831,-0.24565206384429616,0.5892000749221444
0.004538519728853804,-0.1990457780574704,0.6394078748351066
0.0037038578834193065,-0.18558773467631928,0.7089262140645664
0.0037943586113178434,-0.16115373585692117,0.7509124173866614
0.0164948320904078,-0.1343832435992437,0.7777167037453301
0.03521265806622415,-0.178714261553436,0.8337284728240271
-0.003483482061621244,-0.08666839612098196,0.7909638267344969
-0.026607103807337964,-0.09581350397862255,0.8116260299994256
-0.04718450160088818,-0.09247105362406052,0.831670313374556
-0.01781984617500461,-0.1382693522128377,0.9056645068015293
0.002550776026441589,-0.019860711707725104,0.9012581683477772
0.008972674637791219,-0.04964736735809508,0.9797322790412994
0.0759508744874515,-0.010363479027892747,1.0175738186958194
0.035569890713987876,-0.842359657902816,-0.46429943514283767
0.004693818852300418,-0.8481760839221258,-0.5093374549068017
0.004880198931440464,-0.7504261836157458,-0.5339159441803116
0.05327815198510311,-0.7269679358727138,-0.4909186089845465
-0.038098888124926095,-0.7181621589241637,-0.487024918363664
0.015209602994130184,-0.7120169203521205,-0.5129340601139637
0.014023236157713654,-0.6776658339420469,-0.5076560081315055
0.014466529459893006,-0.5824710888774763,-0.5022505759985462
0.07587682603996412,-0.5989108708738891,-0.48249754950736046
-0.0008101154166934291,-0.5571979430566198,-0.4947452120028755
0.003507969787375283,-0.5018998423342794,-0.539239266233618
0.006259713324314207,-0.42366868507170197,-0.48604321469437
0.01983976634444145,-0.3885185507295472,-0.48515889887106967
0.04432964902248429,-0.37397550808094293,-0.5063217872686752
-0.0001936954269334876,-0.3629320618832984,-0.5061043728991034
-0.03151709255223169,-0.34196705124672033,-0.5226483184541209
-0.023973715373309442,-0.325396729023,-0.5147516859737544
-0.038008958938408346,-0.2913874322161516,-0.48915587607820354
0.0004657438761896225,-0.24942179867980693,-0.5180658800061997
-0.005465972708381018,-0.21001930385391435,-0.47775537043646205
0.004860649606070024,-0.20224190811716813,-0.5013733662596952
0.015564188726016698,-0.10769007253583573,-0.4739217940687893
0.033795958801281174,-0.06187455731110392,-0.5249095585840452
0.017435655179435808,-0.07555180845550004,-0.482629610327114
-0.006856725956764602,0.02874017101453777,-0.48492233778839106
0.03141718774688679,-0.016429060767591645,-0.5329435971597125
0.007374847440242771,0.03968478027936364,-0.45758385728342615
0.03680233860417832,0.08674165960901342,-0.5214056116745295
-0.0672510624755069,0.13666395192666939,-0.5392479521268645
0.006697126186959754,0.1339158676785271,-0.5089050159897566
0.009144365931459354,0.17583120202862015,-0.5220753741159911
0.0066583077386668564,0.2500811249687757,-0.5106604962313959
0.024926172439523688,0.2840381656612964,-0.5041813100870042
0.01092510982470532,0.3207813386613502,-0.49239091220272707
0.02318756169912509,0.3513069347192366,-0.4881824409416555
0.004658977497844742,0.32834940813086305,-0.48402345723655527
0.01386601055839474,0.46009798374840516,-0.5191091406619414
0.02639836528123794,0.4930593838898461,-0.42906030523600264
-0.0064501340069117565,0.4977708374990861,-0.5076610658105154
0.004750870131245359,0.5246800978601519,-0.4590950747441455
0.033555680659776835,0.6100130480565048,-0.5243926359696347
-0.013689943858711024,0.546337061028279,-0.4720259707482654
0.051099451260854425,0.5937415070361194,-0.4896001364610098
0.028091013433937728,0.6428729994436309,-0.5454315947114956
0.014449474483094981,0.7089777672778297,-0.5354423782065035
0.020237016453478866,0.68201770602798,-0.4755275191539608
0.011745134672500835,0.8321936566776548,-0.48935334390815893
0.04411524892747081,0.7884660578072363,-0.5491576132761583
0.01216056492127187,0.8336758726327939,-0.5581501709992671
0.047086064905364516,0.8508955373170708,-0.5038512834326762
