root0,root1,root2,root3,root4,root5,lowerback0,lowerback1,lowerback2,upperback0,upperback1,upperback2,thorax0,thorax1,thorax2,lowerneck0,lowerneck1,lowerneck2,upperneck0,upperneck1,upperneck2,head0,head1,head2,rclavicle0,rclavicle1,rhumerus0,rhumerus1,rhumerus2,rradius0,rwrist0,rhand0,rhand1,rfingers0,rthumb0,rthumb1,lclavicle0,lclavicle1,lhumerus0,lhumerus1,lhumerus2,lradius0,lwrist0,lhand0,lhand1,lfingers0,lthumb0,lthumb1,rfemur0,rfemur1,rfemur2,rtibia0,rfoot0,rfoot1,rtoes0,lfemur0,lfemur1,lfemur2,ltibia0,lfoot0,lfoot1,ltoes0
1.92817,18.4484,-23.8615,6.62406,1.07637,-4.53411,16.5454,0.478852,5.05221,-0.650507,1.69026,0.604252,-9.90547,0.56122,-2.62729,-0.958909,-1.63894,-0.790949,-10.7518,-1.96873,2.78902,-3.24357,-1.04271,1.09235,-9.83984e-15,-1.98785e-16,-33.3272,19.8331,-85.5754,114.767,-4.39005,-32.0974,32.0117,7.12502,-5.34275,2.099,-9.83984e-15,-1.98785e-16,-66.0662,-5.90077,95.5877,107.287,27.3635,-37.0271,8.98768,7.12502,-10.1008,38.7252,24.5699,11.6453,32.2157,5.96951,31.2717,-15.0453,10.2654,-46.368,-5.84919,-12.8968,64.4305,2.92034,-7.46712,-16.2976
1.94218,18.5213,-23.2972,6.55415,0.880808,-4.6226,15.7909,0.545039,5.06705,-0.356735,1.72572,0.644406,-9.14903,0.606427,-2.57816,-1.41003,-1.52714,-1.25501,-10.5776,-1.8171,2.9135,-3.09896,-0.949908,1.20102,1.05853e-14,-1.63003e-14,-33.4054,20.8679,-85.6661,114.672,-4.14849,-32.0525,32.2448,7.12502,-5.29943,2.33103,1.05853e-14,-1.63003e-14,-65.9108,-4.84094,95.2278,107.393,26.6981,-37.3497,9.83702,7.12502,-10.412,39.5592,25.7922,11.7754,32.4635,6.05428,34.0186,-13.7796,15.1407,-45.3114,-6.14404,-12.5359,58.9192,3.50205,-7.21054,-15.9098
1.93878,18.5638,-22.8117,7.14512,2.52252,-4.50808,15.4451,0.102248,5.22514,-0.535562,1.15348,0.643306,-9.19222,0.321309,-2.53265,-1.8999,-1.59946,-1.35029,-10.4699,-1.91872,2.85057,-2.96904,-0.991148,1.19015,1.29955e-14,-1.2921e-15,-33.598,21.4398,-85.8111,114.475,-3.95935,-32.149,32.5873,7.12502,-5.3926,2.67594,1.29955e-14,-1.2921e-15,-65.7767,-4.30252,94.9114,107.611,26.2414,-37.1155,9.22481,7.12502,-10.186,38.9582,24.5555,10.1884,32.6087,8.9633,33.7405,-11.4277,18.9252,-45.682,-7.6719,-12.1334,53.5658,4.98692,-7.52324,-13.813
1.95713,18.6048,-22.2743,6.70927,2.25966,-4.72669,15.718,0.4016,5.61403,-0.496373,1.61507,0.393334,-9.24979,0.515528,-3.13424,-1.74845,-1.86748,-0.729856,-10.621,-2.29675,2.53183,-3.0481,-1.19367,0.990951,-2.09221e-14,-1.82882e-14,-34.3721,21.2083,-86.3305,114.283,-3.73912,-31.8233,32.4649,7.12502,-5.07816,2.54576,-2.09221e-14,-1.82882e-14,-66.0095,-4.57283,94.5323,107.923,26.1245,-35.8083,7.69523,7.12502,-8.92479,37.4865,25.0135,10.283,33.0893,11.4191,33.0212,-8.59901,19.2002,-43.9828,-7.97002,-11.6651,48.0647,5.53298,-6.99834,-13.8761
1.9589,18.6271,-21.7594,7.05142,2.73986,-5.09209,15.1848,0.409566,6.00448,-0.498195,1.65923,0.385201,-8.93462,0.529237,-3.36014,-1.95987,-2.00053,-0.362631,-10.9337,-2.49442,2.20338,-3.1205,-1.2954,0.826584,-2.55438e-14,-2.18663e-15,-34.6998,21.3551,-86.5647,113.952,-3.85,-31.3634,32.4452,7.12502,-4.63404,2.51592,-2.55438e-14,-2.18663e-15,-65.6522,-4.62051,94.2319,108.145,25.8959,-34.4841,6.91868,7.12502,-7.64683,36.7604,24.002,9.81022,33.7342,14.778,31.4278,-5.78431,17.3013,-43.3058,-8.63816,-10.8389,42.6812,6.03634,-5.93395,-18.061
1.96182,18.6459,-21.2332,6.68145,2.80675,-5.54176,15.1291,0.432412,6.19721,-0.0319562,1.71287,0.538888,-8.38694,0.579055,-3.30697,-2.7656,-2.00451,-0.311559,-11.2242,-2.50887,2.04927,-3.07436,-1.29694,0.759986,2.6339e-14,1.74931e-14,-34.4937,21.801,-86.6231,113.326,-3.84941,-31.4638,32.1193,7.12502,-4.73098,2.19212,2.6339e-14,1.74931e-14,-64.4684,-4.38231,94.0109,108.028,25.5802,-33.1589,6.34522,7.12502,-6.36766,36.2295,23.6867,9.59989,34.5008,18.1839,29.9523,-3.78083,16.5272,-41.6635,-9.03026,-10.1055,37.5891,6.68943,-4.65868,-19.9195
1.96161,18.6511,-20.7171,6.5448,2.80431,-6.1276,15.0283,0.476267,6.44983,0.357256,1.80527,0.730836,-7.89606,0.643295,-3.25463,-3.75191,-1.96478,-0.252719,-11.4453,-2.46677,1.88595,-2.97371,-1.26971,0.685006,2.28602e-15,8.94531e-15,-34.365,22.2499,-86.7017,112.595,-3.65624,-31.8226,31.1659,7.12502,-5.07747,1.24672,2.28602e-15,8.94531e-15,-63.1992,-4.26704,93.8862,108.023,25.4025,-32.4127,5.73612,7.12502,-5.64715,35.6409,22.8997,9.53434,35.356,22.0372,29.2651,-2.342,17.5955,-40.3539,-9.48283,-9.05873,33.0026,7.05345,-3.62816,-20.6323
1.95222,18.6395,-20.2079,6.33818,2.649,-6.48208,15.138,0.618021,6.29483,0.667831,1.97134,0.876416,-7.61354,0.748302,-3.04418,-4.60222,-1.92749,-0.305795,-11.4897,-2.41229,1.90971,-2.83573,-1.23733,0.689495,-8.69683e-15,-1.63003e-14,-34.5061,22.4682,-86.8771,111.649,-3.2275,-32.1792,29.8836,7.12502,-5.42175,-0.0270581,-8.69683e-15,-1.63003e-14,-62.2254,-4.33578,93.9111,108.237,25.3642,-32.8208,5.55085,7.12502,-6.04118,35.4447,22.0811,9.3833,35.9359,26.2528,28.7396,-1.58174,18.8191,-38.8281,-9.71136,-8.39228,28.9948,6.85127,-2.83393,-20.1355
1.95113,18.6356,-19.6565,6.41361,1.12231,-6.70342,14.3917,1.23184,5.82775,1.04496,2.62811,0.848022,-6.74419,1.11911,-2.91048,-5.18079,-1.88416,-0.313996,-11.551,-2.34141,2.03872,-2.75303,-1.20257,0.724412,-1.67476e-14,9.93923e-16,-34.7561,22.5864,-87.2607,110.429,-2.31688,-32.4569,28.5711,7.12502,-5.68983,-1.33246,-1.67476e-14,9.93923e-16,-61.0332,-4.50168,93.7828,108.351,25.5956,-34.4571,6.88981,7.12502,-7.62078,36.7325,20.9993,10.2091,35.9066,30.8074,28.2992,-1.02958,18.2972,-37.1045,-8.97368,-8.04351,25.8219,5.67032,-2.29229,-24.9284
1.94437,18.5974,-19.1624,6.45969,1.11101,-6.73803,14.3706,1.17024,5.70912,1.15799,2.5119,0.722619,-6.62047,1.07053,-2.95184,-5.17238,-1.79865,-0.430038,-12.1017,-2.18187,2.4223,-2.93972,-1.13088,0.873999,3.85642e-14,8.34896e-15,-35.1581,22.6965,-87.8701,109.169,-2.0382,-32.9324,29.1327,7.12502,-6.14894,-0.758098,3.85642e-14,8.34896e-15,-59.8125,-4.66753,93.4279,108.394,25.8496,-36.0678,8.89652,7.12502,-9.1752,38.6769,19.3891,9.70225,35.8441,35.6624,28.1859,-0.923179,16.6976,-36.2421,-8.78398,-8.15691,23.573,6.11947,-0.500525,-19.7729
1.95219,18.5372,-18.6571,6.26161,1.2467,-6.43957,14.3638,1.05185,5.62475,1.31357,2.30988,0.36747,-6.45574,0.978336,-3.24032,-4.87173,-1.78818,-0.0899059,-12.725,-2.15637,2.49822,-3.21215,-1.14024,0.853384,-1.49089e-15,-1.43125e-14,-35.7555,22.4645,-88.6573,107.939,-2.15352,-33.5887,30.3413,7.12502,-6.78253,0.469912,-1.49089e-15,-1.43125e-14,-58.8094,-5.21212,93.0054,108.503,26.0389,-36.2779,9.37958,7.12502,-9.37794,39.151,17.9574,8.97779,35.3981,40.7391,27.9684,-1.61515,13.4074,-35.0866,-8.31197,-9.08923,22.051,6.10472,0.577107,-17.6489
1.9502,18.4729,-18.1561,5.79102,1.24174,-5.99903,14.6027,1.01768,5.15368,1.48164,2.17676,0.0611643,-6.4256,0.926251,-3.28,-4.41835,-1.72541,0.0452208,-12.9711,-2.04881,2.68291,-3.38201,-1.10301,0.898925,1.22253e-14,1.66979e-14,-36.4902,22.1084,-89.2781,106.576,-2.1786,-33.7812,29.494,7.12502,-6.96837,-0.371277,1.22253e-14,1.66979e-14,-57.7466,-5.88458,92.6816,108.501,26.586,-36.0669,9.34655,7.12502,-9.17436,39.127,16.6167,8.38658,34.9241,46.0052,28.1662,-2.81461,11.1979,-33.5302,-7.10126,-10.6227,20.9754,6.14624,0.746143,-22.4841
1.93949,18.3953,-17.6762,5.2689,1.75208,-5.27087,15.1727,0.824349,4.39692,1.60619,1.80151,-0.268758,-6.65428,0.754728,-3.14619,-4.48989,-1.60271,-0.020824,-12.4927,-1.85577,3.07229,-3.20187,-1.0122,1.02655,1.18277e-14,1.98785e-15,-37.0489,21.5951,-89.7432,104.855,-2.22405,-33.4666,28.6099,7.12502,-6.66465,-1.26517,1.18277e-14,1.98785e-15,-56.3475,-6.69352,92.3557,108.289,27.1597,-35.8775,10.2974,7.12502,-8.99159,40.0858,15.0391,7.28015,34.1879,51.4114,28.917,-4.14912,15.7346,-32.2237,-6.09064,-12.4563,20.3862,6.70995,0.513447,-25.4369
1.94091,18.3136,-17.1564,4.93535,1.38972,-4.22794,15.0797,0.993079,3.21156,1.80224,1.78884,-0.70982,-6.41585,0.783158,-2.93474,-4.77016,-1.5144,-0.00452224,-11.9359,-1.72397,3.39201,-2.95996,-0.949527,1.114,3.57812e-14,1.07344e-14,-37.6308,21.0543,-90.156,103.004,-2.5146,-32.3832,29.8116,7.12502,-5.61872,-0.0938743,3.57812e-14,1.07344e-14,-54.9474,-7.68482,92.1272,108.233,27.5794,-35.9255,11.7198,7.12502,-9.0379,41.5062,13.4231,6.76065,32.7204,56.7812,29.9437,-4.78684,19.5467,-30.9624,-4.94922,-14.3798,20.6648,6.11312,0.512346,-28.4764
1.9354,18.2094,-16.6591,4.45301,1.57615,-3.15933,15.4212,0.952598,1.9523,1.84359,1.51212,-1.02226,-6.60428,0.673287,-2.50681,-4.12409,-1.44309,0.0592455,-12.063,-1.61809,3.41638,-3.1228,-0.907082,1.12009,-3.79679e-14,3.57812e-15,-38.452,20.7981,-90.5087,101.12,-3.04544,-31.0584,31.0412,7.12502,-4.33957,1.10564,-3.79679e-14,3.57812e-15,-53.7433,-8.61102,92.0633,108.219,27.8727,-36.6798,12.5042,7.12502,-9.76568,42.2577,11.6821,5.56032,31.1479,62.1751,31.0977,-5.58256,19.519,-29.8745,-3.95689,-16.3736,21.4854,5.48027,-1.17898,-27.3217
1.93723,18.1228,-16.1554,4.04683,2.1114,-2.29253,15.608,0.730357,1.0455,1.86761,1.05289,-1.23338,-6.71965,0.469567,-2.12625,-3.3648,-1.38525,0.0373871,-12.1755,-1.53583,3.36625,-3.30237,-0.87147,1.11771,-2.46493e-14,8.74653e-15,-39.4112,20.5011,-90.8329,99.3211,-3.15709,-30.9593,31.0879,7.12502,-4.24386,1.1504,-2.46493e-14,8.74653e-15,-52.432,-9.4671,91.9991,108.323,28.1954,-38.04,13.7902,7.12502,-11.0778,43.4779,9.79924,3.93455,29.6012,67.3534,32.0435,-6.77566,20.5402,-28.7762,-3.0739,-18.1575,23.2973,4.39184,-4.81488,-19.0095
1.94656,18.0132,-15.6476,3.55957,2.52886,-1.54954,16.0915,0.546888,0.371094,1.7728,0.67629,-1.4699,-7.10927,0.297486,-1.92662,-3.14882,-1.35475,0.0385141,-11.559,-1.51435,3.32314,-3.12905,-0.855666,1.09634,2.78299e-15,1.11319e-14,-40.6546,19.8505,-91.2084,97.6023,-2.72464,-31.0644,31.4262,7.12502,-4.34529,1.49081,2.78299e-15,1.11319e-14,-51.2844,-10.5693,91.8878,108.666,28.7113,-38.1344,13.9646,7.12502,-11.1689,43.6473,8.08352,2.28861,27.9928,72.4219,31.739,-8.24812,24.9753,-28.1049,-2.38081,-19.6994,25.918,2.08462,-7.45824,-14.1407
1.95891,17.8901,-15.1475,3.01092,2.88956,-0.855277,16.827,0.374656,-0.229409,1.58261,0.314676,-1.68816,-7.73544,0.132296,-1.75274,-2.95581,-1.35601,-0.116705,-10.6223,-1.53361,3.40423,-2.84205,-0.854564,1.13821,-1.92821e-14,7.15625e-15,-42.0027,19.1716,-91.5713,95.8704,-2.54303,-31.134,32.5414,7.12502,-4.41253,2.60735,-1.92821e-14,7.15625e-15,-50.129,-11.7108,91.8183,109.099,29.0436,-36.4505,13.0233,7.12502,-9.54451,42.7872,6.46187,0.605549,26.2885,77.3364,30.5595,-9.62154,25.2367,-27.2703,-2.29777,-20.8653,28.9692,-1.15017,-7.53125,-14.0964
1.97301,17.7703,-14.6675,2.59403,3.75469,-0.359173,17.3885,0.000686984,-0.587942,1.54277,-0.261899,-1.77797,-8.10413,-0.136245,-1.51601,-2.47617,-1.35069,-0.140963,-10.4369,-1.54112,3.25697,-2.86646,-0.855736,1.09808,1.43125e-14,-7.95139e-16,-43.0436,18.5973,-91.7332,94.037,-2.27106,-31.5368,33.426,7.12502,-4.80151,3.5004,1.43125e-14,-7.95139e-16,-48.4582,-12.7808,91.7187,109.582,29.2818,-35.3571,13.4195,7.12502,-8.48936,43.2289,4.55657,-1.48843,24.7789,82.1425,29.1014,-10.9084,24.6158,-26.5062,-3.03617,-21.6024,31.9932,-4.33717,-7.53845,-11.6738
1.99214,17.6656,-14.1854,2.42162,5.19037,0.264679,17.5112,-0.590617,-0.876631,1.65236,-1.10621,-1.90814,-8.06854,-0.533836,-1.28842,-1.70972,-1.28047,-0.108501,-11.0227,-1.44061,3.09921,-3.21085,-0.813337,1.05724,-1.19271e-15,-1.98785e-14,-43.865,17.8243,-91.7214,92.2015,-1.61738,-31.8093,33.6813,7.12502,-5.06457,3.76184,-1.19271e-15,-1.98785e-14,-46.214,-13.8496,91.5005,109.916,29.1019,-35.2375,14.3884,7.12502,-8.37402,44.2024,2.36666,-4.11831,23.0773,86.6842,27.7944,-11.7366,23.0512,-26.272,-4.40258,-22.5019,34.9896,-6.05697,-7.541,-11.1882
1.99129,17.5729,-13.7246,1.23604,2.80024,0.68646,18.9983,0.293623,-2.24368,1.91278,-0.2523,-1.88538,-8.58119,-0.0747321,-0.699686,-1.23393,-1.19993,-0.416043,-11.5385,-1.32046,3.13186,-3.47979,-0.750136,1.13208,3.37934e-15,1.59028e-15,-44.6254,16.8926,-91.4476,90.7454,-1.39191,-32.0608,33.9503,7.12502,-5.30747,4.03681,3.37934e-15,1.59028e-15,-43.642,-14.7392,91.296,110.168,28.8013,-35.1193,13.1606,7.12502,-8.25989,42.9791,0.599589,-2.67443,21.8372,91.1776,26.6701,-12.462,20.1196,-24.5266,-2.61679,-23.2524,37.5689,-8.58467,-5.82186,-11.4258
2.02285,17.4769,-13.2358,1.29999,3.28861,1.51651,18.7426,-0.0277036,-2.88293,2.22077,-0.792618,-1.9762,-8.09477,-0.318364,-0.293282,-1.54674,-1.14673,-0.955142,-11.9838,-1.23762,3.26801,-3.57635,-0.692078,1.27236,3.18055e-15,2.8625e-14,-44.9289,16.0659,-90.9554,89.3222,-1.33296,-32.3979,33.858,7.12502,-5.63295,3.95283,3.18055e-15,2.8625e-14,-40.5241,-15.5364,90.9719,110.42,28.566,-34.7336,12.6986,7.12502,-7.88769,42.5315,-2.02047,-4.06628,19.916,95.2479,25.2222,-12.1998,19.3289,-23.6499,-3.45691,-24.4446,39.5456,-11.1532,-4.41599,-10.5696
2.04473,17.4189,-12.7472,1.68635,3.12982,2.72017,18.1983,-0.0431699,-4.08487,2.52045,-1.03571,-2.25973,-7.45219,-0.414409,0.141906,-2.36652,-1.10252,-1.37216,-12.2382,-1.14607,3.56732,-3.51261,-0.634508,1.43672,6.36111e-15,2.46493e-14,-44.9881,15.0229,-90.4988,87.4542,-0.728396,-32.4458,33.6118,7.12502,-5.67916,3.70789,6.36111e-15,2.46493e-14,-37.1256,-16.6176,90.3593,110.723,28.4532,-33.8911,13.276,7.12502,-7.07447,43.1378,-5.25659,-4.88712,17.5744,99.0368,24.3207,-11.5645,19.9047,-22.7122,-3.8375,-25.9765,40.9129,-13.4625,-3.4878,-6.81572
2.03539,17.3487,-12.3175,1.71313,3.25626,3.94189,18.8663,-0.0277152,-5.49667,2.61379,-1.35942,-2.53894,-7.6782,-0.529674,0.722805,-2.96079,-1.06268,-1.68614,-12.2252,-1.05649,3.92059,-3.39962,-0.583413,1.60014,-9.34288e-15,-2.70347e-14,-45.4099,13.696,-90.1147,85.2685,0.429884,-32.8559,34.0487,7.12502,-6.07508,4.15581,-9.34288e-15,-2.70347e-14,-33.7758,-17.7788,89.5456,110.794,28.3004,-32.8884,12.2109,7.12502,-6.1065,42.1029,-8.61425,-6.12979,15.37,102.684,25.2698,-11.0945,26.0192,-21.6279,-4.29886,-27.4139,41.7612,-14.7159,-2.76032,-6.58691
2.03916,17.2925,-11.8732,2.01532,3.0254,4.34406,18.9619,-0.00291768,-6.00059,2.56948,-1.44877,-2.64374,-7.76436,-0.556662,0.916921,-3.16609,-1.01137,-1.9489,-12.3277,-0.956208,4.20381,-3.40104,-0.530304,1.73871,-1.51076e-14,7.15625e-15,-46.1867,12.3642,-89.8046,83.3438,1.34591,-33.4781,33.1951,7.12502,-6.67579,3.3203,-1.51076e-14,7.15625e-15,-30.3355,-18.876,88.6191,110.638,27.9611,-33.0426,12.6137,7.12502,-6.25537,42.5014,-12.3911,-6.88194,14.4376,105.753,25.1558,-10.5184,28.5711,-20.5514,-4.68143,-27.911,42.144,-16.0031,-1.87728,-10.7697
2.05927,17.2577,-11.4164,2.48184,2.83769,4.21237,18.6053,-0.0769481,-5.83846,2.4614,-1.48549,-2.58195,-7.68841,-0.579123,0.897765,-2.75343,-0.917029,-2.20763,-12.8089,-0.795663,4.46215,-3.65424,-0.454654,1.88303,-2.18663e-15,-1.03368e-14,-47.1105,11.0727,-89.368,81.6702,1.68256,-32.858,31.0158,7.12502,-6.0771,1.12298,-2.18663e-15,-1.03368e-14,-27.1567,-19.9245,87.8785,110.609,27.6897,-33.1572,13.5874,7.12502,-6.366,43.4718,-16.165,-7.60121,14.2782,108.164,24.3443,-10.2841,32.2294,-19.3327,-5.13494,-27.8318,42.2654,-17.4031,-1.59851,-11.977
2.08591,17.2391,-10.9543,2.95934,2.72078,4.05486,18.1321,-0.229498,-5.62226,2.30204,-1.60468,-2.45852,-7.5991,-0.641731,0.932527,-2.33165,-0.784353,-2.37113,-12.9714,-0.613886,4.51875,-3.79957,-0.364412,1.93621,1.27222e-14,3.26007e-14,-47.9763,10.0128,-88.7703,79.9905,1.8196,-33.6357,32.5586,7.12502,-6.82788,2.68873,1.27222e-14,3.26007e-14,-24.6146,-20.7039,87.3792,110.747,27.2081,-33.1587,13.0887,7.12502,-6.36741,42.973,-19.7431,-8.15857,14.3782,109.901,23.0824,-10.2009,32.2087,-17.946,-5.49281,-27.7934,42.19,-18.6485,-1.21285,-14.0702
2.10283,17.2262,-10.5005,3.17095,2.56979,4.14554,18.0945,-0.324028,-5.73073,2.22363,-1.74647,-2.39269,-7.65057,-0.703495,1.09824,-2.29107,-0.639992,-2.25819,-12.9855,-0.446339,4.25068,-3.81749,-0.277411,1.82188,1.35174e-14,-5.1684e-15,-48.7851,9.06605,-88.2308,78.3965,2.44414,-34.0993,32.8904,7.12502,-7.27545,3.03545,1.35174e-14,-5.1684e-15,-22.2038,-21.242,86.8378,110.941,26.4948,-33.0343,12.0284,7.12502,-6.24728,41.9163,-23.0665,-8.41385,14.3873,111.125,19.6504,-10.4452,22.7382,-16.0271,-5.54462,-28.0751,41.612,-19.3325,-0.844003,-16.1829
2.11179,17.2178,-10.0493,3.30771,2.17869,4.25255,18.1008,-0.35686,-5.90643,2.2782,-1.82461,-2.42707,-7.58574,-0.739116,1.17879,-2.69331,-0.492724,-1.89128,-12.92,-0.27864,3.89106,-3.72116,-0.194434,1.62581,-7.55382e-15,-3.33958e-14,-49.4149,8.17368,-87.8857,77.1093,2.71874,-33.9396,32.6874,7.12502,-7.12125,2.8272,-7.55382e-15,-3.33958e-14,-19.6287,-21.5256,85.9798,111.203,25.4843,-31.7003,13.0999,7.12502,-4.95935,43.0218,-26.4466,-8.22379,14.591,111.941,17.0181,-10.4196,14.7942,-13.9439,-5.25428,-28.3635,40.6725,-19.4542,-0.600277,-17.8108
2.12069,17.289,-9.56472,3.48583,1.56416,4.43777,18.0839,-0.335997,-6.23011,2.23105,-1.86622,-2.46519,-7.61639,-0.748911,1.32983,-3.0318,-0.378615,-1.78056,-12.7679,-0.137377,3.77915,-3.60753,-0.12224,1.56024,2.22639e-14,9.54166e-15,-50.0565,7.44008,-87.4878,76.3132,1.97189,-33.1209,32.8381,7.12502,-6.33096,2.95271,2.22639e-14,9.54166e-15,-17.5393,-21.6352,85.3424,111.621,24.5175,-30.6323,13.8961,7.12502,-3.92806,43.8397,-29.5605,-7.71399,14.7521,111.826,16.5271,-9.79521,13.5487,-11.5525,-5.01287,-28.7751,39.2911,-19.1738,-0.12617,-19.7088
2.13109,17.3387,-9.07964,3.57938,1.32862,4.8358,18.2932,-0.48807,-6.64499,1.97868,-2.1857,-2.49735,-7.97189,-0.874709,1.61067,-3.02923,-0.193834,-1.72615,-12.461,0.0879111,3.6312,-3.50608,-0.00678693,1.49237,8.15017e-15,1.66979e-14,-51.151,7.05109,-87.0972,75.8912,1.18781,-32.4791,32.8069,7.12502,-5.71126,2.90385,8.15017e-15,1.66979e-14,-16.2717,-21.5521,85.0281,112.145,23.7181,-30.3829,13.6279,7.12502,-3.68725,43.5757,-32.2822,-7.4667,14.5507,111.336,15.7931,-9.01967,10.9588,-9.08213,-4.86645,-29.399,37.8427,-18.3396,0.267825,-21.7418
2.13519,17.3969,-8.58956,3.63061,1.62766,5.24135,18.5411,-0.823875,-6.98705,1.68324,-2.73629,-2.47543,-8.37517,-1.10674,1.96976,-2.98673,0.0442171,-1.76696,-11.9459,0.387635,3.56098,-3.34313,0.148146,1.46418,2.98177e-15,-2.62396e-14,-52.4858,6.85391,-86.7014,75.668,0.818406,-32.1898,32.3513,7.12502,-5.43199,2.44092,2.98177e-15,-2.62396e-14,-15.5758,-21.393,84.9954,112.641,23.033,-30.4323,12.4995,7.12502,-3.7349,42.4465,-34.6691,-7.67058,14.3999,110.271,17.2349,-7.76637,15.4335,-6.48434,-5.05932,-29.9232,36.2564,-16.9915,-0.0214988,-24.6745
2.133,17.4608,-8.09705,3.71551,2.11908,5.46112,18.7412,-1.29161,-7.2043,1.42338,-3.41952,-2.33902,-8.69478,-1.40471,2.41865,-3.11125,0.431539,-1.93087,-11.3149,0.885167,3.46045,-3.11808,0.40952,1.44347,5.9039e-14,9.14409e-15,-53.6119,6.90956,-86.3415,75.3036,0.791797,-32.1828,31.4675,7.12502,-5.42523,1.5569,5.9039e-14,9.14409e-15,-15.1436,-20.9984,84.9705,113.135,22.6596,-31.2147,9.60859,7.12502,-4.49045,39.541,-36.7771,-7.96391,14.5825,108.736,17.0357,-6.36289,13.547,-4.0771,-5.29128,-30.151,34.8268,-16.2223,-0.111044,-26.1112
2.13173,17.5345,-7.58527,3.8467,2.1805,5.25316,18.6062,-1.6539,-7.1083,1.24099,-3.85051,-2.0666,-8.76857,-1.60246,2.76429,-3.21656,0.747258,-2.01322,-10.9595,1.27839,3.19052,-2.98676,0.618409,1.3592,-2.87244e-14,-1.19271e-14,-54.5287,7.00845,-85.8926,74.9232,0.844696,-32.5879,31.0046,7.12502,-5.81639,1.10447,-2.87244e-14,-1.19271e-14,-14.6091,-20.5888,84.9047,113.78,22.6503,-31.3507,8.81389,7.12502,-4.62179,38.7435,-38.4602,-7.52452,15.1994,106.71,15.7143,-5.60027,11.4325,-1.85287,-5.16592,-29.9144,33.3036,-13.8911,-0.621675,-27.8417
2.12079,17.6313,-7.06209,4.01163,2.07023,4.8383,18.0907,-1.86118,-6.99592,1.28978,-4.01952,-1.73459,-8.39459,-1.69936,3.07403,-3.19061,0.875679,-1.91119,-11.2792,1.42628,2.85577,-3.09961,0.695687,1.23122,1.48095e-14,2.22639e-14,-55.1685,6.87949,-85.3768,74.751,0.68357,-33.1871,31.5065,7.12502,-6.39485,1.62299,1.48095e-14,2.22639e-14,-13.6968,-20.4421,84.7699,114.468,22.9697,-31.1395,9.20208,7.12502,-4.4178,39.136,-40.0231,-6.6722,16.0848,104.227,13.7992,-5.1086,8.31994,0.329035,-4.84027,-29.3665,31.6619,-11.6413,-1.41615,-29.4584
2.10543,17.7389,-6.54759,4.32083,2.09442,4.71537,17.7285,-2.06183,-7.24675,1.14369,-4.28237,-1.41878,-8.28448,-1.81285,3.60051,-3.00335,1.0342,-1.90444,-11.4919,1.61791,2.61188,-3.209,0.795604,1.14757,3.54831e-14,-7.55382e-15,-55.9586,6.69979,-84.8521,74.6125,0.407209,-33.1853,33.0215,7.12502,-6.39311,3.13801,3.54831e-14,-7.55382e-15,-13.2568,-20.5414,84.8402,115.202,23.8789,-31.863,8.5833,7.12502,-5.11643,38.5015,-41.7109,-6.0138,16.6549,101.409,11.0491,-4.313,-0.576918,2.42288,-4.69434,-29.0437,29.8337,-8.75748,-2.32636,-30.2714
2.10138,17.8255,-6.03332,4.77748,2.16908,4.89626,17.342,-2.36461,-7.45264,0.828825,-4.69457,-1.27152,-8.34163,-1.99136,3.95414,-2.97002,1.27864,-1.71562,-11.2302,1.90104,2.16854,-3.12229,0.942469,0.962912,-5.93372e-14,1.27222e-14,-57.0087,6.60817,-84.3838,74.6547,0.240566,-32.7672,33.911,7.12502,-5.98947,4.0157,-5.93372e-14,1.27222e-14,-13.308,-20.7791,84.9371,116.166,25.1392,-33.1256,8.97733,7.12502,-6.33544,38.8626,-43.3643,-5.54263,16.697,98.4264,11.6791,-3.23558,3.29235,4.34286,-4.56534,-29.0408,27.8124,-5.41073,-3.21403,-31.4015
2.11076,17.9067,-5.50609,5.05627,2.23386,5.15005,16.8446,-2.69763,-7.421,0.672931,-5.09212,-1.2599,-8.19107,-2.18875,4.00745,-3.22015,1.40559,-1.47403,-10.6904,2.02781,1.73681,-2.88403,1.01076,0.778708,-3.17062e-14,3.97569e-15,-57.9131,6.44516,-83.9297,74.7064,-0.11656,-32.6026,32.8721,7.12502,-5.83055,2.97229,-3.17062e-14,3.97569e-15,-13.0565,-21.0585,84.8516,116.94,26.1451,-33.8015,9.84413,7.12502,-6.98799,39.7088,-44.4128,-5.11995,16.4563,95.1346,9.76607,-2.2852,-2.32575,6.64483,-4.4662,-29.1555,25.5549,-1.69451,-4.03263,-31.7304
2.11765,18.0054,-4.96606,5.12053,2.19044,5.20782,16.276,-2.93848,-7.41777,0.699037,-5.34269,-1.09882,-7.79989,-2.32863,4.18728,-3.30225,1.52112,-1.49228,-10.4965,2.16289,1.52303,-2.80268,1.0848,0.711157,-6.4605e-14,1.23246e-14,-58.6332,6.30111,-83.3071,74.7103,-0.727019,-33.3037,30.7828,7.12502,-6.50745,0.902803,-6.4605e-14,1.23246e-14,-12.6671,-21.2161,84.8419,117.544,26.9392,-34.1065,8.81626,7.12502,-7.28238,38.6709,-44.9086,-4.54447,16.4214,91.4161,11.8852,-1.45265,8.52853,9.16294,-4.40456,-29.0757,23.1555,2.49086,-4.50171,-30.5386
2.1209,18.1094,-4.41747,5.24271,1.79536,4.91719,16.4444,-2.97419,-7.14944,0.16461,-5.36575,-0.818722,-8.47284,-2.29883,4.38181,-3.2488,1.65332,-1.50149,-9.90048,2.31626,1.30105,-2.61032,1.16758,0.639226,-3.03147e-15,-1.66979e-14,-60.1379,6.0782,-82.5913,74.7811,-1.1236,-33.3262,29.3755,7.12502,-6.52914,-0.503826,-3.03147e-15,-1.66979e-14,-13.8504,-21.464,85.5658,118.375,27.8268,-34.112,8.79659,7.12502,-7.28771,38.6511,-45.2955,-3.47918,16.7724,87.3557,11.7141,-0.935899,10.2978,11.4496,-4.34394,-28.7066,20.4506,7.468,-4.18384,-28.9718
2.12609,18.1912,-3.87216,5.48875,1.27893,4.68495,15.8059,-3.11625,-6.71155,0.0476575,-5.42474,-0.786822,-8.27111,-2.35464,4.13999,-3.34701,1.79574,-1.15009,-9.72789,2.48104,1.01187,-2.5268,1.24475,0.486083,4.65653e-14,-1.98785e-15,-60.9646,5.82846,-82.2891,74.9399,-1.47259,-33.1186,28.687,7.12502,-6.3287,-1.19846,4.65653e-14,-1.98785e-15,-14.4119,-21.7163,85.5888,119.144,28.3914,-34.6933,10.6303,7.12502,-7.84879,40.4647,-45.7763,-2.4492,16.9915,83.2076,10.236,-0.361622,7.47989,13.7711,-4.30438,-28.4786,17.3783,12.946,-3.0522,-27.8182
2.1296,18.2607,-3.32807,5.52055,0.849663,4.70542,15.649,-3.23601,-6.6922,-0.237643,-5.57631,-0.688325,-8.46988,-2.4115,4.26695,-3.01813,1.89024,-0.888732,-9.60392,2.57189,0.61485,-2.53401,1.28986,0.311929,8.71671e-14,8.94531e-15,-62.0851,5.79597,-81.8401,75.1078,-1.86669,-33.5324,27.5302,7.12502,-6.72819,-2.34289,8.71671e-14,8.94531e-15,-15.2206,-21.8874,85.8434,119.681,28.7842,-35.0557,9.41153,7.12502,-8.19856,39.2325,-45.8587,-1.64922,16.8926,78.938,9.09059,0.16503,5.27376,16.6645,-4.33817,-28.546,13.7674,18.654,-1.42389,-26.3733
2.13171,18.3365,-2.77967,5.62383,0.557104,4.61692,15.4868,-3.4067,-6.70084,-0.514552,-5.78113,-0.389073,-8.62537,-2.49014,4.63495,-3.02574,2.08665,-1.11145,-9.16147,2.82813,0.529672,-2.39002,1.42683,0.321395,-8.79622e-15,-8.15017e-15,-63.0653,6.00683,-81.1764,75.3231,-2.49672,-33.9179,26.9786,7.12502,-7.10033,-2.88225,-8.79622e-15,-8.15017e-15,-16.0414,-21.785,86.2785,120.24,29.345,-34.8632,6.72986,7.12502,-8.01272,36.558,-45.7412,-1.03971,16.8991,74.4322,8.22874,0.366709,4.07368,19.685,-4.51749,-28.4643,9.43595,24.5217,0.423484,-24.9234
2.13727,18.4143,-2.22751,5.74627,0.240757,4.7571,14.6072,-3.52178,-6.72821,0.561907,-5.79556,-0.229002,-6.93578,-2.6042,4.68813,-7.6652,2.13404,-1.3987,-7.61296,2.94467,0.578045,-1.11312,1.49626,0.441298,5.59579e-14,7.95139e-15,-61.2402,5.554,-80.347,75.2227,-3.24229,-33.9482,28.8529,7.12502,-7.12954,-1.00706,5.59579e-14,7.95139e-15,-13.7045,-21.8047,85.4551,120.454,29.4361,-34.8346,6.52769,7.12502,-7.98516,36.3569,-45.5021,-0.443642,16.5775,69.7331,7.08332,0.447929,1.79535,24.0265,-4.71409,-28.5926,2.39403,30.5378,2.41,-25.2255
2.14741,18.4833,-1.67643,5.9761,-0.246709,4.9625,13.4827,-3.49671,-6.6681,0.0997957,-5.71156,-0.478648,-6.84783,-2.56648,4.30265,-4.62861,2.18508,-0.562565,-8.48512,2.93359,0.174615,-1.87388,1.47095,0.139683,3.69739e-14,-6.55989e-15,-63.0623,4.95834,-80.1394,75.5151,-3.9808,-34.332,31.8222,7.12502,-7.49999,1.97517,3.69739e-14,-6.55989e-15,-15.5263,-22.7734,85.9005,120.948,29.1533,-35.2153,5.717,7.12502,-8.35259,35.5319,-45.2424,0.350122,16.1129,64.8664,6.28899,0.531945,1.29975,25.9615,-4.73659,-28.8784,-6.36111e-15,34.5207,2.95052,-20.1651
2.15772,18.5455,-1.13047,6.39495,-0.934552,5.10679,11.9807,-3.44494,-6.7882,0.476154,-5.52177,-0.465658,-5.61263,-2.53883,4.20737,-5.15011,2.32516,-0.274268,-8.47478,3.09749,-0.0777647,-1.77301,1.54845,0.0199906,-5.34979e-14,6.75868e-15,-62.8869,4.54801,-79.5803,75.769,-4.97481,-35.3809,30.1687,7.12502,-8.51239,0.360277,-5.34979e-14,6.75868e-15,-15.299,-23.3938,85.8223,121.342,29.0276,-35.9102,6.06485,7.12502,-9.02314,35.8519,-45.0833,1.27151,15.6708,59.8717,5.72894,0.914798,0.617963,26.5359,-4.54509,-29.2287,-6.36111e-14,36.5091,2.24239,-22.3391
2.17055,18.6035,-0.586701,6.69727,-1.4361,5.33387,11.2994,-3.48596,-6.86148,0.384809,-5.53539,-0.437529,-5.31758,-2.55609,4.2272,-5.11989,2.48599,-0.256245,-8.28267,3.30598,-0.180496,-1.71449,1.65365,-0.0136242,-2.21396e-14,-1.68967e-15,-63.4867,4.42748,-79.1227,76.1443,-5.6881,-36.6518,25.0951,7.12502,-9.73871,-4.65977,-2.21396e-14,-1.68967e-15,-15.8971,-24.0479,86.1585,121.887,28.6075,-36.8889,8.5372,7.12502,-9.96743,38.2812,-44.6349,2.03664,15.0693,54.8214,5.10327,1.66151,-2.08568,27.3661,-4.50209,-29.741,-5.40694e-14,36.8314,1.32211,-25.8095
2.18237,18.6549,-0.0468133,6.73283,-1.56181,5.68425,11.3907,-3.5816,-6.78526,0.224719,-5.67419,-0.53296,-5.53983,-2.61361,4.11958,-5.41728,2.5322,-0.189495,-8.02773,3.36164,-0.238297,-1.5805,1.68007,-0.0358054,4.5149e-14,1.28216e-14,-64.0211,4.13231,-78.7692,76.263,-5.92173,-37.186,24.9815,7.12502,-10.2541,-4.74857,4.5149e-14,1.28216e-14,-16.7752,-24.7982,86.5922,122.253,27.6156,-37.5007,10.1156,7.12502,-10.5577,39.8305,-43.6477,2.66589,14.3074,49.7444,4.95711,1.52444,-2.26331,28.5068,-4.77439,-30.4209,6.99722e-14,34.3845,0.990783,-32.0736
2.19157,18.6935,0.483153,6.75628,-1.51955,6.03292,11.6976,-3.67437,-6.76826,0.247043,-5.82108,-0.582872,-5.67808,-2.68029,4.10319,-6.5792,2.51958,-0.145217,-7.74664,3.34027,-0.24249,-1.29784,1.66697,-0.0253103,-7.98617e-14,7.35503e-15,-64.0296,3.72868,-78.4506,76.5353,-6.09454,-37.4137,26.782,7.12502,-10.4738,-2.93707,-7.98617e-14,7.35503e-15,-17.2222,-25.415,86.9197,122.371,26.7827,-37.6451,10.0967,7.12502,-10.6969,39.8044,-42.4872,3.39394,13.5155,44.6973,4.96647,0.998807,-2.39331,29.6312,-5.19069,-31.1194,-1.04958e-13,35.9569,1.27663,-23.7421
2.193,18.7161,0.992816,6.93611,-1.91428,6.2387,11.9806,-3.59819,-6.84617,0.17263,-5.75867,-0.603347,-5.91792,-2.63452,4.14419,-7.62443,2.52876,-0.0633268,-7.30053,3.34661,-0.2117,-0.988292,1.6668,-0.0105767,-3.97072e-14,-2.03754e-15,-64.1317,3.33205,-78.222,77.0189,-6.2986,-37.6475,28.0391,7.12502,-10.6993,-1.66848,-3.97072e-14,-2.03754e-15,-17.8201,-25.7501,87.1959,122.341,26.6826,-37.3678,8.89244,7.12502,-10.4295,38.6138,-41.6936,4.71446,12.783,39.9356,4.88723,-0.702954,-4.38163,30.5668,-5.19805,-31.6838,-3.81667e-14,35.9364,1.60235,-21.4134
2.19055,18.7308,1.49793,7.06454,-2.54255,6.43979,12.1707,-3.39405,-6.91502,0.126484,-5.52492,-0.741098,-6.10864,-2.50962,4.02156,-8.20171,2.51698,-0.0761379,-7.24982,3.34062,0.073143,-0.886086,1.66234,0.0861022,1.7754e-14,3.50358e-14,-64.2025,2.74494,-78.1319,77.3671,-6.43236,-38.0188,29.0721,7.12502,-11.0574,-0.616591,1.7754e-14,3.50358e-14,-18.7254,-26.0836,87.563,122.18,25.9401,-36.847,7.63557,7.12502,-9.92699,37.3815,-40.8233,6.47622,11.9162,35.3205,4.55737,-3.60784,-6.03649,28.1469,-4.93029,-32.4715,6.63367,32.818,1.48507,-21.5093
2.20172,18.7243,2.04186,6.76412,-2.60499,7.52984,12.477,-3.37181,-7.4193,0.0454381,-5.62759,-1.16664,-6.35377,-2.53617,3.89623,-8.0226,2.433,-0.216574,-7.71346,3.25114,0.371273,-1.06604,1.61837,0.192324,7.82715e-16,2.96189e-14,-64.5415,2.19211,-78.0433,77.5844,-6.46378,-38.0929,30.2105,7.12502,-11.1288,0.525595,7.82715e-16,2.96189e-14,-20.3486,-26.5965,88.405,121.984,24.7233,-36.6651,5.78144,7.12502,-9.75154,35.5357,-39.1926,7.2015,10.3327,31.2169,3.83068,-6.4215,-5.01564,26.2085,-5.22529,-34.1924,13.5236,30.2413,1.75232,-19.7505
2.19505,18.7309,2.51558,7.19315,-3.04117,7.10943,13.7854,-3.27531,-6.77889,-0.919624,-5.57028,-1.07274,-8.19346,-2.4198,3.78425,-7.1727,2.36158,-0.386868,-8.08301,3.18059,0.622239,-1.32661,1.58358,0.283043,3.31846e-14,-1.47101e-14,-65.4082,1.94422,-78.0354,77.7338,-6.20975,-37.974,30.9343,7.12502,-11.0142,1.24329,3.31846e-14,-1.47101e-14,-23.0675,-26.8619,89.6645,121.854,23.8558,-36.551,4.13717,7.12502,-9.64141,33.8965,-38.658,9.09031,10.1562,27.6472,2.53592,-10.0626,-2.94923,23.9189,-5.27543,-33.9866,18.9774,29.6346,1.77679,-12.9547
2.20182,18.7232,3.02482,7.13634,-3.14855,7.23033,13.5247,-3.30674,-6.75261,-0.622874,-5.56619,-1.0606,-7.72353,-2.44743,3.74706,-6.88608,2.33157,-0.544852,-9.03037,3.15499,0.669599,-1.67924,1.57132,0.314309,1.2424e-15,-1.58531e-14,-64.5266,1.48773,-77.9834,77.6788,-5.91712,-38.3268,31.404,7.12502,-11.3544,1.73135,1.2424e-15,-1.58531e-14,-23.7925,-26.7902,90.1296,121.398,23.4208,-36.0478,3.96021,7.12502,-9.15591,33.7415,-37.6281,9.86853,9.86293,25.1845,0.614908,-12.7272,-1.65733,22.3641,-5.57832,-34.3902,23.9816,29.2815,2.34529,-22.5361
2.20735,18.6883,3.54892,6.835,-3.29072,7.56271,13.0035,-3.28361,-7.03846,0.0253897,-5.49633,-1.07463,-6.71137,-2.46483,3.80602,-7.30263,2.32823,-0.784702,-9.6048,3.16526,0.66753,-1.79967,1.583,0.355096,3.99876e-14,1.59773e-14,-63.1252,1.11955,-77.9627,77.6105,-5.81942,-38.3873,31.6884,7.12502,-11.4128,2.01898,3.99876e-14,1.59773e-14,-23.9201,-26.5764,90.4338,120.607,23.5545,-35.6813,3.60732,7.12502,-8.80227,33.4038,-36.3194,9.01459,10.2446,23.4272,-0.587329,-13.4974,-0.813219,20.9726,-4.81539,-34.582,29.1643,28.2637,1.62797,-22.3912
2.21699,18.6241,4.07545,6.39471,-3.30579,7.68248,13.3985,-3.2745,-6.75608,0.243194,-5.47058,-1.1979,-6.73974,-2.46594,3.53687,-7.82328,2.27599,-0.869748,-9.62116,3.10733,0.767498,-1.72149,1.55598,0.406002,-1.61916e-14,3.03209e-14,-62.4295,0.827446,-78.1642,77.711,-5.83187,-38.6398,31.6867,7.12502,-11.6563,2.03096,-1.61916e-14,3.03209e-14,-25.0961,-26.4568,91.0363,119.809,23.6215,-35.3652,4.45599,7.12502,-8.49719,34.265,-35.0784,8.10184,10.9362,22.5532,-0.0425491,-13.4997,-3.60028,20.0284,-3.99069,-34.4624,34.2071,27.7298,0.77286,-19.6958
2.22515,18.5634,4.60791,6.06914,-3.15402,7.7737,13.3753,-3.32441,-6.5109,0.431149,-5.48742,-1.2144,-6.54691,-2.49459,3.37644,-7.46353,2.17868,-1.03919,-10.2174,2.9853,0.737279,-1.97622,1.49939,0.4171,9.53545e-15,6.06293e-15,-61.9008,0.756302,-78.2899,78.1756,-6.06086,-38.7983,31.4972,7.12502,-11.8091,1.85012,9.53545e-15,6.06293e-15,-26.6171,-26.0435,91.885,118.975,23.3851,-34.8496,5.7447,7.12502,-7.99962,35.5733,-33.8918,7.01438,11.6851,22.2108,0.462012,-12.9767,-3.1704,18.8514,-3.49355,-34.3004,39.3875,27.1972,0.286021,-19.0504
2.22229,18.5134,5.12857,5.79484,-3.29454,7.34612,13.6594,-3.24309,-6.14695,0.345081,-5.32801,-0.902921,-6.8155,-2.41029,3.50294,-6.66245,2.08697,-1.49061,-10.6735,2.8737,0.650094,-2.26731,1.46015,0.454423,-7.09413e-14,-1.67973e-14,-61.6123,0.94808,-78.2885,78.725,-6.10289,-38.8393,31.2908,7.12502,-11.8487,1.64603,-7.09413e-14,-1.67973e-14,-28.579,-25.2908,93.1024,117.99,23.0888,-34.673,5.93233,7.12502,-7.82912,35.7674,-32.5776,6.33049,12.9897,21.9374,0.893924,-11.7214,-4.90158,16.9738,-2.85779,-33.6035,44.8854,26.779,-0.037327,-17.5393
2.21562,18.4209,5.62309,5.51093,-3.74454,6.56387,12.6091,-3.07304,-5.71459,1.19148,-4.90187,-0.591211,-5.37406,-2.28624,3.40484,-6.20733,2.06458,-1.5553,-11.5724,2.82371,0.419656,-2.64323,1.44307,0.38359,-5.49143e-15,-1.25234e-14,-59.694,0.641789,-78.5648,78.8983,-5.92602,-38.8969,31.0279,7.12502,-11.9042,1.38635,-5.49143e-15,-1.25234e-14,-28.6546,-24.706,93.171,116.535,23.1801,-34.7478,4.67151,7.12502,-7.90139,34.5038,-31.2598,5.99446,14.6407,21.7334,1.94585,-9.65102,-6.32939,15.4302,-1.64585,-32.3354,50.4918,26.1671,-0.527673,-16.8777
2.21566,18.3313,6.1215,5.06043,-4.35554,5.69183,13.0848,-2.80194,-4.91987,1.09801,-4.45318,-0.40957,-5.82551,-2.06485,3.11953,-4.93108,2.08246,-1.39216,-11.6922,2.81438,0.235869,-2.90281,1.43674,0.282984,-3.27995e-14,-5.36719e-15,-59.2288,0.72531,-79.037,79.3493,-5.91173,-39.0612,30.8273,7.12502,-12.0627,1.19499,-3.27995e-14,-5.36719e-15,-30.646,-24.2596,94.0361,115.565,24.1038,-34.2131,5.74933,7.12502,-7.38523,35.6004,-29.7259,4.87182,16.7274,21.9318,3.52316,-6.29501,-1.89194,13.5921,-0.20202,-30.8595,56.1472,25.5038,-0.795857,-18.2123
2.21207,18.2467,6.62281,4.64981,-4.86856,4.63288,13.8857,-2.56678,-3.83502,0.924225,-4.01296,-0.21839,-6.55331,-1.84987,2.69613,-4.21829,2.07751,-1.32163,-11.4855,2.80673,0.304272,-2.95976,1.42828,0.286357,-3.09607e-14,-4.57205e-15,-58.7091,0.864051,-79.6055,79.9944,-5.88705,-38.9927,31.2892,7.12502,-11.9966,1.65305,-3.09607e-14,-4.57205e-15,-32.6862,-23.6364,94.7282,114.613,24.7914,-33.7367,6.73249,7.12502,-6.92541,36.5992,-28.4837,3.44055,19.0333,23.0549,4.50976,-1.46436,11.3457,11.8962,1.31117,-28.9234,61.6676,24.0138,-1.15127,-17.9793
2.20457,18.1533,7.11866,4.18706,-5.19176,4.00521,14.5338,-2.40013,-3.28502,1.00519,-3.71594,-0.0409735,-6.87057,-1.71018,2.55459,-3.94313,2.07571,-1.47187,-11.4725,2.81688,0.450508,-3.01059,1.43534,0.35587,2.94698e-14,-3.24019e-14,-57.5181,1.16658,-80.1281,80.6041,-5.71694,-38.6871,32.305,7.12502,-11.7019,2.65181,2.94698e-14,-3.24019e-14,-34.1659,-22.993,95.2605,113.587,26.1826,-34.0218,6.27924,7.12502,-7.20059,36.1367,-27.4665,2.32798,20.5485,24.9084,2.2082,3.35321,8.79904,10.5142,2.75573,-27.2096,67.0427,21.8602,-1.19328,-17.1838
2.20014,18.0246,7.61097,3.69002,-5.33005,3.54682,15.0024,-2.32757,-2.81653,1.13132,-3.54772,0.0626562,-7.02807,-1.63784,2.38976,-3.45443,2.07142,-1.4463,-11.5396,2.80012,0.385143,-3.12056,1.42782,0.325112,4.69132e-14,-4.77083e-15,-56.4451,1.70341,-80.8398,81.6582,-5.39441,-38.5639,32.9238,7.12502,-11.5831,3.26386,4.69132e-14,-4.77083e-15,-35.7926,-22.2443,95.7456,112.645,27.4717,-34.4772,7.93131,7.12502,-7.64016,37.7733,-26.424,1.97947,21.5077,27.397,-0.522998,3.60705,13.9179,8.98084,4.1129,-25.4826,72.3423,20.2296,-1.16442,-18.6437
2.18713,17.8776,8.09964,3.25858,-5.1276,2.85079,15.3394,-2.34002,-2.08602,1.40126,-3.43525,0.185525,-6.96685,-1.60663,2.0954,-3.46609,2.03936,-1.25698,-11.5136,2.74875,0.292459,-3.10372,1.39771,0.26404,-8.82107e-14,-4.17448e-15,-54.8601,2.03075,-81.6783,82.7179,-5.19539,-38.2419,32.7192,7.12502,-11.2726,3.0421,-8.82107e-14,-4.17448e-15,-37.116,-21.4401,95.8418,111.817,27.6252,-34.0659,12.0394,7.12502,-7.24321,41.8954,-25.242,2.65282,22.5094,30.285,-4.74213,1.6501,14.955,7.06342,5.08918,-23.3028,77.6922,19.6147,-1.41254,-19.9766
2.16522,17.792,8.56578,3.0832,-6.56084,2.15353,16.1956,-1.73246,-1.84878,1.43586,-2.60043,0.294244,-7.44743,-1.19762,1.93955,-3.91789,2.04508,-0.957134,-11.1678,2.74869,0.177126,-2.89598,1.3896,0.182942,1.10822e-14,9.93923e-16,-52.9665,2.39696,-82.5881,83.6727,-5.14061,-37.7858,32.1521,7.12502,-10.8326,2.45143,1.10822e-14,9.93923e-16,-38.36,-20.511,95.7637,111.13,27.5974,-33.8554,10.8464,7.12502,-7.03994,40.7093,-25.2638,4.72988,23.5242,33.2473,-6.70533,0.00476753,11.6832,4.80552,7.50124,-21.2351,82.6524,19.0275,-1.63077,-19.195
2.13594,17.7014,9.0305,2.93476,-6.50518,1.77644,16.8304,-1.68115,-1.73255,1.46628,-2.51161,0.420711,-7.7687,-1.15005,2.0142,-3.61753,2.19572,-0.906522,-11.4223,2.95319,0.211816,-3.03869,1.48855,0.177238,-2.9122e-14,5.96354e-16,-51.1171,3.13509,-83.5068,84.9286,-4.90743,-38.006,32.1338,7.12502,-11.045,2.44445,-2.9122e-14,5.96354e-16,-39.69,-19.4449,95.754,110.422,28.0221,-34.362,8.72377,7.12502,-7.52896,38.5698,-24.9694,6.12951,24.1814,35.9501,-8.02557,-3.15472,12.8694,2.2646,8.27677,-19.5507,87.4287,18.1172,-2.16191,-19.9665
2.11351,17.5948,9.49008,2.73049,-6.8781,1.12809,17.2039,-1.51551,-1.34789,1.75256,-2.21477,0.534973,-7.68778,-1.02067,1.85758,-3.16378,2.38664,-0.835934,-12.1792,3.22022,0.31724,-3.38695,1.61428,0.183236,1.93318e-14,1.49089e-14,-48.6569,3.85406,-84.4797,85.9708,-4.74926,-38.4061,32.3175,7.12502,-11.4309,2.64908,1.93318e-14,1.49089e-14,-40.7707,-18.4048,95.5853,109.778,28.3986,-34.8618,8.78653,7.12502,-8.01142,38.6147,-24.1705,7.18,25.1689,38.1972,-9.63433,-5.03728,12.8115,-0.126296,9.26416,-17.7416,91.8705,17.2422,-3.09924,-19.9039
2.09441,17.4941,9.94422,2.65022,-7.12617,-0.162437,17.5613,-1.43152,-0.346271,2.15776,-1.88817,0.872441,-7.47921,-0.893306,1.57794,-3.28592,2.49989,-0.715725,-12.8757,3.36731,0.225045,-3.60588,1.68441,0.125791,-6.80837e-15,1.09332e-15,-45.5766,4.71946,-85.2847,86.7386,-4.90442,-37.8161,31.751,7.12502,-10.8618,2.0519,-6.80837e-15,1.09332e-15,-41.5863,-17.2746,95.4093,109.15,28.5492,-35.1852,9.11674,7.12502,-8.32351,38.9327,-22.9671,7.82165,26.7826,39.8662,-11.9278,-5.88721,11.7731,-2.66335,10.1296,-15.1653,96.041,16.1167,-5.29461,-23.5099
2.07602,17.4104,10.4011,2.94079,-7.31723,-1.95525,17.613,-1.39893,1.15172,2.36979,-1.52271,1.37158,-7.31365,-0.754189,1.17415,-3.29065,2.57019,-0.710156,-13.4202,3.45535,0.134365,-3.79708,1.73052,0.0885128,9.83984e-15,1.2921e-15,-42.8101,5.76214,-85.9674,87.7775,-5.29058,-36.6869,30.8925,7.12502,-9.7726,1.13921,9.83984e-15,1.2921e-15,-42.8056,-15.9755,95.3969,108.577,28.3598,-35.2446,10.0059,7.12502,-8.38082,39.8197,-21.7057,8.25518,28.8218,40.9493,-13.0145,-6.66834,7.81896,-5.61293,11.0395,-12.0534,99.8512,15.4563,-7.53386,-31.3981
2.06102,17.3501,10.8591,3.26412,-7.02477,-3.07261,17.6404,-1.4577,2.15899,2.35407,-1.38322,1.67304,-7.36337,-0.710468,0.894559,-2.73573,2.52548,-0.664997,-14.0923,3.39207,0.0943383,-4.14216,1.69691,0.0546763,9.74045e-15,-9.44227e-15,-40.4892,6.81432,-86.5795,88.9915,-6.03764,-35.3872,29.9569,7.12502,-8.51849,0.14873,9.74045e-15,-9.44227e-15,-44.4892,-14.6124,95.4809,108.151,28.6259,-35.4738,10.3939,7.12502,-8.60204,40.1986,-20.4129,7.84524,30.0963,41.5374,-14.4497,-6.76677,4.76427,-9.10351,11.2547,-10.2022,103.13,15.395,-8.71864,-11.4539
2.04615,17.3082,11.3031,3.38637,-6.27824,-2.92562,17.9124,-1.56133,1.99835,2.27866,-1.54285,1.60844,-7.59149,-0.783433,0.964043,-1.90152,2.39382,-0.393251,-15.0648,3.20316,-0.0514437,-4.65199,1.59235,-0.0570834,5.8393e-15,7.95139e-16,-38.1739,8.03582,-87.2063,90.2374,-6.877,-34.6598,28.9985,7.12502,-7.81647,-0.837057,5.8393e-15,7.95139e-16,-46.1143,-13.5231,95.4297,107.775,29.3083,-36.2752,11.0121,7.12502,-9.37537,40.7836,-19.0836,6.89946,30.0135,41.8288,-16.2906,-6.28692,1.58094,-13.0877,10.6835,-10.3123,105.84,14.6505,-9.52597,-10.7134
2.03505,17.2713,11.746,3.44438,-5.32237,-2.64481,18.1205,-1.6917,1.80375,2.25405,-1.74966,1.53071,-7.72858,-0.877586,1.04815,-1.60606,2.25364,-0.351061,-15.4027,3.0184,-0.0356762,-4.83567,1.49742,-0.0600682,1.87106e-14,2.24627e-14,-35.9202,9.29269,-87.6727,91.5849,-7.71422,-34.339,28.288,7.12502,-7.50679,-1.55881,1.87106e-14,2.24627e-14,-47.5684,-12.6652,95.4803,107.439,30.0252,-37.5241,13.2744,7.12502,-10.5803,42.9881,-17.5115,5.98351,29.7843,41.9241,-16.7399,-7.72927,1.05172,-16.9614,9.76473,-10.7659,107.977,13.2901,-10.1644,-12.0813
2.02432,17.2296,12.1943,3.5494,-4.48134,-3.02613,18.0945,-1.76472,2.13165,2.27824,-1.76782,1.69574,-7.69282,-0.893174,1.04273,-1.5552,2.05544,-0.310503,-15.3366,2.74348,-0.100668,-4.81814,1.36355,-0.0792815,7.42958e-15,-5.96354e-16,-33.8907,10.4739,-87.8336,92.9943,-8.10456,-34.2104,27.8662,7.12502,-7.38266,-1.98498,7.42958e-15,-5.96354e-16,-48.8143,-11.7761,95.5533,107.186,30.8143,-38.7713,16.5531,7.12502,-11.7831,46.2017,-15.7158,5.35944,30.3181,41.7952,-17.8033,-8.41674,-0.281012,-20.3402,9.11152,-10.2348,109.657,11.4926,-11.1751,-13.2673
2.01338,17.2015,12.6379,3.52493,-3.93266,-3.49385,18.3669,-1.67743,2.40667,2.30642,-1.56979,1.91717,-7.81209,-0.802223,1.08482,-1.78315,1.80653,-0.219712,-15.0794,2.3837,-0.302602,-4.67155,1.19191,-0.145773,-1.61513e-15,-3.24019e-14,-31.9457,11.5144,-87.7513,94.4282,-8.09613,-34.0762,27.7365,7.12502,-7.25311,-2.11922,-1.61513e-15,-3.24019e-14,-49.8522,-10.9838,95.6087,106.861,31.5262,-39.5802,18.6258,7.12502,-12.563,48.2281,-13.6674,4.93004,30.9658,41.3347,-19.2518,-8.17555,-4.14705,-23.5138,8.74177,-9.60836,110.824,9.71097,-12.4949,-16.3093
2.00422,17.2065,13.098,3.73453,-4.18279,-3.81855,18.6989,-1.2631,2.39755,2.05967,-0.994824,2.05258,-8.25883,-0.524846,1.1073,-2.34731,1.55242,-0.00585588,-14.1667,2.01492,-0.564096,-4.21921,1.01176,-0.245344,1.07841e-14,-6.85807e-15,-30.3359,12.3769,-87.6884,95.8907,-7.99871,-33.5559,27.592,7.12502,-6.75082,-2.28036,1.07841e-14,-6.85807e-15,-51.2644,-10.3777,95.7379,106.412,31.9828,-39.145,16.566,7.12502,-12.1434,46.1935,-11.6813,5.12446,31.3202,40.4981,-19.3167,-7.89146,-5.73216,-27.0275,9.00085,-9.48821,111.275,8.9387,-13.9672,-18.3665
1.99776,17.2341,13.6001,4.31209,-5.17015,-4.36001,17.8783,-0.552175,2.62096,2.01645,-0.0441748,2.1148,-7.85479,-0.0736758,0.796681,-2.99676,1.21232,0.218298,-13.288,1.54576,-0.703958,-3.77687,0.774743,-0.305322,-3.8266e-15,6.85807e-15,-28.6834,13.0901,-87.5093,97.5568,-7.78516,-32.5739,26.402,7.12502,-5.80279,-3.49858,-3.8266e-15,6.85807e-15,-52.5227,-10.1904,95.9653,106.523,33.0847,-38.4214,15.7785,7.12502,-11.4457,45.4461,-9.79284,5.97127,31.8085,39.3454,-18.9488,-7.09108,-6.85877,-30.2735,9.87836,-9.26772,110.973,8.42368,-15.4818,-17.042
1.99142,17.2846,14.123,4.86197,-5.96196,-4.80844,16.9853,0.123135,2.93369,1.91495,0.85994,2.01551,-7.46143,0.353987,0.295761,-3.47341,0.844891,0.548556,-12.5414,1.06105,-0.632216,-3.42516,0.517446,-0.320184,-1.963e-15,-1.2424e-14,-27.346,13.595,-87.3388,99.2696,-7.38184,-31.9626,25.0002,7.12502,-5.21265,-4.91565,-1.963e-15,-1.2424e-14,-53.7715,-10.3099,96.019,106.701,34.304,-38.1066,14.7073,7.12502,-11.142,44.3915,-7.64077,6.72645,32.1969,37.9432,-18.1254,-6.6086,-8.7278,-32.9994,10.3021,-9.23002,109.985,7.7029,-16.8336,-15.6042
1.97718,17.354,14.5798,4.61524,-5.82358,-4.91362,18.008,0.477025,2.95653,1.61182,1.37314,1.84293,-8.34127,0.584708,-0.0317144,-3.52329,0.528268,0.710029,-12.0808,0.674576,-0.243135,-3.25854,0.307475,-0.212136,-3.22777e-14,1.95803e-14,-26.6709,13.7455,-87.3869,101.0,-6.67443,-32.7473,25.4772,7.12502,-5.97021,-4.41866,-3.22777e-14,1.95803e-14,-55.2192,-10.3924,95.969,106.949,35.2874,-39.7873,24.0738,7.12502,-12.7628,53.6637,-5.04847,6.72951,32.3832,36.6413,-17.0271,-6.47277,-11.1068,-35.3612,9.3696,-9.5632,108.586,7.49287,-17.7761,-14.8139
1.96971,17.4331,15.0781,5.16562,-6.83092,-4.8652,17.7267,1.20626,2.59165,1.26733,2.24673,1.66644,-8.54964,1.00915,-0.227385,-3.62666,0.273119,0.465099,-11.7174,0.379325,0.25623,-3.11664,0.157292,-0.00275558,-3.40419e-15,-5.01931e-15,-26.2716,14.0278,-87.4353,102.577,-6.53878,-31.7633,26.3274,7.12502,-5.02021,-3.59311,-3.40419e-15,-5.01931e-15,-56.589,-10.0833,95.9318,107.35,36.0162,-39.1337,17.4562,7.12502,-12.1325,47.0844,-3.1193,7.39531,31.9968,35.2204,-15.5795,-5.37644,-13.0565,-37.5951,9.62588,-10.3101,106.662,6.69555,-18.3889,-15.3389
1.95274,17.4992,15.5223,7.08824,-6.51429,-4.7842,16.6397,1.45734,2.34198,0.454249,2.50717,1.51002,-8.82962,1.13561,-0.298722,-3.82074,0.0472912,0.086879,-11.4637,0.131648,0.856722,-2.99556,0.0334251,0.258944,-1.68718e-14,-1.47101e-14,-25.8259,14.496,-87.4797,104.176,-6.38002,-31.1158,26.3759,7.12502,-4.39498,-3.55849,-1.68718e-14,-1.47101e-14,-57.745,-9.47854,95.5986,107.752,36.1919,-35.5031,-1.39727,7.12502,-8.63029,28.4063,-3.07928,7.36109,31.5159,33.7447,-13.4399,-4.2105,-13.9332,-42.3489,8.67935,-11.2938,104.758,6.81354,-18.6667,-16.1284
1.99413,17.5788,16.0648,7.00921,-4.04556,-4.34243,16.0879,0.689422,3.42914,0.541629,1.63827,1.14024,-8.39811,0.674868,-1.09505,-4.25491,-0.123381,-0.303623,-11.2683,-0.0399755,1.48272,-2.8512,-0.0514374,0.52754,-2.05556e-14,-1.70085e-14,-25.1255,15.1385,-87.481,105.744,-6.06794,-31.4824,26.5785,7.12502,-4.74898,-3.34829,-2.05556e-14,-1.70085e-14,-58.5251,-8.59182,94.9579,108.081,35.3094,-39.5955,13.8717,7.12502,-12.5778,43.473,-0.5293,5.66514,31.249,31.8495,-11.2767,-4.00067,-15.2215,-44.4268,4.89378,-12.2501,102.075,6.09371,-18.2479,-17.9608
1.98701,17.6752,16.6209,6.59924,-5.52391,-5.02217,16.0958,1.4131,3.66604,0.825589,2.62332,1.10482,-8.03934,1.14867,-1.48453,-5.0768,-0.298351,-0.564895,-10.7516,-0.238744,1.92404,-2.52953,-0.145411,0.709089,-1.15575e-14,-1.92697e-14,-24.4858,15.9289,-87.4633,107.24,-6.07725,-32.558,27.3608,7.12502,-5.78745,-2.54012,-1.15575e-14,-1.92697e-14,-59.3861,-7.74656,94.4726,108.548,35.0116,-39.5715,19.2686,7.12502,-12.5547,48.8714,2.80813,7.12596,31.8597,29.6199,-8.18954,-3.25183,-17.3118,-44.4693,5.76484,-11.6395,98.9639,3.61986,-18.5262,-23.2182
1.97989,17.787,17.1815,6.17059,-6.40922,-5.23636,16.3045,1.94966,3.64238,0.836073,3.32387,0.957446,-8.10178,1.48217,-1.79284,-5.31198,-0.502775,-0.836445,-10.2425,-0.471934,2.44781,-2.3159,-0.259142,0.918426,-1.84124e-14,4.47266e-16,-24.4035,16.7096,-87.5282,108.376,-6.30648,-32.7087,28.5152,7.12502,-5.933,-1.38177,-1.84124e-14,4.47266e-16,-60.7391,-6.88227,93.9745,109.136,34.5367,-39.0672,18.731,7.12502,-12.0685,48.363,6.28314,8.16769,32.0725,26.741,-4.44159,-2.53585,-18.1582,-44.5672,5.67642,-11.5287,95.3965,4.78718,-17.9802,-18.053
1.97697,17.8892,17.7337,5.9958,-5.93045,-5.17779,16.1598,2.03593,3.87681,0.598607,3.45996,0.674776,-8.23973,1.52771,-2.25741,-4.37807,-0.700695,-0.949935,-10.4558,-0.688511,3.0162,-2.54713,-0.38263,1.13034,1.28216e-14,-6.95746e-16,-24.9243,17.084,-87.7948,109.281,-6.18717,-32.5328,30.7114,7.12502,-5.76318,0.809807,1.28216e-14,-6.95746e-16,-62.2513,-6.40446,93.4133,109.409,33.8421,-39.158,18.4551,7.12502,-12.156,48.0819,9.38477,8.23247,32.1415,23.572,-0.178941,-2.20169,-15.7365,-45.2344,4.13899,-11.7082,91.5821,4.52657,-17.3357,-19.8999
1.98096,17.9867,18.302,5.85908,-5.11194,-4.80327,15.5967,1.97638,4.05144,0.54067,3.3559,0.280418,-7.95904,1.47218,-2.72908,-3.89241,-0.859996,-0.898506,-10.6027,-0.874785,3.32597,-2.67881,-0.489163,1.22939,-2.13197e-14,-9.74045e-15,-25.2417,17.44,-87.9843,110.267,-5.54004,-32.5889,32.5998,7.12502,-5.81733,2.69968,-2.13197e-14,-9.74045e-15,-63.408,-6.07952,92.8131,109.481,33.2129,-38.687,17.5983,7.12502,-11.7019,47.2515,12.4231,7.92278,31.843,20.2261,4.83031,-2.37399,-11.1856,-45.6345,2.18095,-12.2446,87.4206,4.07732,-15.6514,-18.6874
1.98935,18.0755,18.8721,5.77627,-4.11245,-4.37319,14.9821,1.80892,4.26474,0.58072,3.11062,-0.105322,-7.55559,1.35305,-3.17892,-3.85549,-1.0715,-0.921348,-10.6584,-1.13871,3.54524,-2.69751,-0.625677,1.3083,-7.35503e-15,-5.36719e-15,-25.4765,18.0953,-88.1566,111.546,-5.00243,-32.3615,31.1084,7.12502,-5.59778,1.20233,-7.35503e-15,-5.36719e-15,-64.1928,-5.46358,92.1901,109.622,32.6343,-38.0356,16.0191,7.12502,-11.0737,45.7069,15.3695,7.29707,31.4392,16.8373,10.08,-3.05343,-6.84792,-45.8895,0.193436,-12.7987,83.0434,3.96418,-13.8386,-17.0706
1.99064,18.1528,19.4267,5.8385,-3.15911,-4.10229,14.5127,1.62424,4.45821,0.468973,2.85805,-0.391205,-7.40956,1.22272,-3.52389,-3.66111,-1.20802,-1.02514,-10.6428,-1.30394,3.75541,-2.72212,-0.710723,1.39843,-2.62893e-14,-3.18055e-15,-26.0529,19.0314,-88.3918,112.77,-4.85974,-32.3116,29.6615,7.12502,-5.54961,-0.245821,-2.62893e-14,-3.18055e-15,-65.0151,-4.65644,91.5504,109.707,31.9643,-37.5067,13.2488,7.12502,-10.5635,42.9633,18.2046,6.75443,31.2104,13.3165,14.4721,-4.19343,-6.46491,-46.3012,-1.38025,-13.1246,78.5201,3.73792,-12.1903,-18.2409
1.97635,18.2236,19.97,5.83829,-2.59903,-4.0463,14.3207,1.62148,4.47237,0.296276,2.83996,-0.559272,-7.48023,1.20578,-3.70418,-3.70113,-1.32141,-1.16771,-10.2425,-1.4482,3.96793,-2.57518,-0.778745,1.487,-3.93594e-14,1.63003e-14,-26.6916,19.8579,-88.5987,113.731,-5.03946,-32.3898,30.4518,7.12502,-5.62506,0.54648,-3.93594e-14,1.63003e-14,-66.0299,-3.94307,90.9394,109.944,31.3872,-37.3005,12.7832,7.12502,-10.3645,42.5078,21.3107,6.56959,31.3028,9.3637,20.5559,-5.35199,0.793094,-46.31,-2.59199,-12.9843,73.8907,3.67966,-10.5501,-17.4493
1.96235,18.2927,20.523,5.82864,-2.11045,-4.06729,13.9886,1.59437,4.51862,0.147411,2.79071,-0.683965,-7.45019,1.17704,-3.84288,-3.61411,-1.37354,-1.38683,-9.78552,-1.51241,4.18682,-2.43459,-0.805172,1.59075,-4.25399e-14,-1.07344e-14,-27.3695,20.7652,-88.893,114.549,-5.13661,-32.2558,31.4368,7.12502,-5.49572,1.5281,-4.25399e-14,-1.07344e-14,-67.0974,-3.18641,90.3101,110.26,30.8894,-37.6099,15.3024,7.12502,-10.663,45.0119,24.9996,6.47224,31.4286,4.3594,27.0584,-6.66439,8.82466,-45.8819,-3.982,-12.5363,69.2279,3.6533,-8.72231,-14.6767
1.95784,18.3603,21.102,5.87034,-2.34295,-4.20987,13.342,1.80872,4.62783,0.0827874,3.05627,-0.778599,-7.11939,1.31165,-4.02498,-3.2231,-1.46187,-1.96176,-9.63372,-1.59733,4.67347,-2.44734,-0.842107,1.85482,-3.30976e-14,-1.19271e-15,-27.8938,21.8013,-89.0603,115.151,-5.2027,-32.1775,32.0405,7.12502,-5.42015,2.12979,-3.30976e-14,-1.19271e-15,-67.9127,-2.45217,89.7819,110.426,30.5742,-38.0712,17.4446,7.12502,-11.1079,47.1306,28.4573,7.10823,31.59,1.08139e-13,32.7013,-7.10755,13.3859,-45.0526,-4.66285,-12.0833,64.4378,3.13602,-6.95875,-14.2639
1.94814,18.424,21.6604,6.14074,-2.00839,-4.16374,12.8495,1.83721,4.5624,-0.0793714,3.05958,-0.857746,-7.01452,1.31572,-4.05275,-3.11492,-1.54107,-2.29733,-9.4784,-1.69813,4.80019,-2.40938,-0.883852,1.95569,-1.43125e-14,-1.07344e-14,-28.3202,22.7832,-89.1704,115.548,-5.21582,-32.0523,32.9083,7.12502,-5.29921,2.99457,-1.43125e-14,-1.07344e-14,-68.6029,-1.8172,89.3571,110.688,30.3387,-38.4279,17.2663,7.12502,-11.4519,46.9336,29.3897,7.16644,31.7128,-2.8625e-14,35.3331,-6.80422,15.5075,-44.6863,-5.692,-11.8356,59.3366,3.3533,-5.49656,-14.5912
1.93463,18.484,22.2011,6.44777,-1.56482,-3.93768,12.5913,1.79214,4.15208,-0.276695,2.92933,-0.896411,-7.11093,1.26005,-3.83276,-3.32228,-1.61926,-2.22726,-9.23253,-1.83767,4.38174,-2.28724,-0.942182,1.79901,-2.22639e-14,-3.97569e-15,-28.8236,23.7162,-89.2998,115.78,-5.23746,-31.807,33.404,7.12502,-5.06235,3.48451,-2.22639e-14,-3.97569e-15,-69.1635,-1.14549,89.0013,111.108,30.2899,-37.94,12.7964,7.12502,-10.9814,42.4892,30.2823,7.08605,31.7146,3.49861e-14,36.7725,-6.32786,17.2525,-44.3673,-6.72452,-11.7522,53.9688,4.38465,-5.00325,-16.5985
1.92013,18.5333,22.7291,6.74441,-1.16096,-3.93332,12.4845,1.73248,3.91339,-0.467735,2.81897,-0.839738,-7.27963,1.20809,-3.61927,-3.71362,-1.65374,-2.38104,-8.84811,-1.90127,4.1585,-2.08952,-0.958207,1.74093,2.3556e-14,-1.27222e-14,-29.455,24.6488,-89.4886,115.887,-5.26369,-31.9829,32.4389,7.12502,-5.23218,2.52349,2.3556e-14,-1.27222e-14,-69.4238,-0.566959,88.6961,111.468,30.3506,-36.5705,8.60427,7.12502,-9.66029,38.3628,28.6355,6.99726,32.132,4.95573,34.828,-5.68995,18.9858,-43.8143,-7.53222,-11.4094,48.3925,5.27039,-3.73533,-14.4846
1.9081,18.5669,23.2576,6.78786,-0.945662,-4.09846,12.4453,1.67263,3.90212,-0.455585,2.74057,-0.777291,-7.25488,1.17252,-3.53039,-4.21662,-1.63513,-2.47605,-8.5372,-1.88803,3.92277,-1.90148,-0.938024,1.6686,-5.36719e-15,-7.95139e-16,-30.0104,25.5324,-89.7913,115.836,-5.18045,-32.0731,31.9245,7.12502,-5.31934,2.01124,-5.36719e-15,-7.95139e-16,-69.3436,0.0472858,88.4007,111.762,30.3097,-36.2567,11.4494,7.12502,-9.35752,41.2217,26.9888,7.0662,32.7472,10.4226,32.3044,-4.91594,19.3906,-42.8606,-8.20111,-10.9214,43.2486,5.48669,-2.84302,-17.5066
1.89037,18.5825,23.7742,6.67309,-1.00479,-4.24937,12.5182,1.68905,3.77724,-0.317092,2.74612,-0.744017,-7.15431,1.18537,-3.42467,-4.41349,-1.58417,-2.42042,-8.682,-1.83652,3.54718,-1.9185,-0.905732,1.53674,5.29761e-14,9.93923e-15,-30.3223,26.2251,-90.0839,115.594,-5.08527,-31.929,31.9096,7.12502,-5.18014,1.99291,5.29761e-14,9.93923e-15,-68.8782,0.568788,88.0752,111.955,30.3215,-35.6675,9.60558,7.12502,-8.78892,39.4026,25.8088,7.37399,33.3381,15.3523,30.2489,-4.09084,17.9335,-41.5186,-8.69353,-10.4644,37.9813,5.92173,-2.5758,-19.8911
1.86523,18.613,24.2749,6.42019,-0.929541,-4.85269,12.9223,1.6429,4.11202,-0.182666,2.75557,-0.643241,-7.22775,1.1789,-3.52292,-4.61093,-1.56278,-2.18269,-8.86364,-1.82582,3.23086,-1.94677,-0.900611,1.39352,1.5207e-14,-1.11319e-14,-30.5702,26.6872,-90.4294,115.071,-5.11998,-31.6195,32.3784,7.12502,-4.88134,2.45467,1.5207e-14,-1.11319e-14,-68.2176,0.78097,87.7443,112.048,30.1665,-36.162,10.0549,7.12502,-9.26616,39.8313,24.8778,7.56044,34.4439,19.7917,28.9864,-3.77611,16.7445,-39.2096,-8.30914,-10.181,33.4853,4.24609,-5.99832,-35.4067
1.84865,18.5558,24.7929,6.13174,-0.968365,-5.59829,13.1173,1.63967,4.56662,-0.0880387,2.83898,-0.481572,-7.2163,1.2076,-3.62879,-4.92421,-1.60036,-2.01257,-8.65594,-1.89154,3.03735,-1.82566,-0.932495,1.29508,-3.52843e-14,1.55052e-14,-31.2721,27.1309,-90.9005,114.399,-5.23675,-32.0223,30.7418,7.12502,-5.27027,0.827295,-3.52843e-14,1.55052e-14,-67.7311,0.838595,87.5,112.164,29.9656,-36.2147,11.4703,7.12502,-9.31694,41.2444,24.2531,7.87016,35.6458,24.0255,28.349,-3.95417,16.9276,-38.4857,-9.25273,-8.7543,29.159,6.64445,-3.57977,-25.8966
1.83576,18.5272,25.3163,6.01327,-1.0493,-6.01928,13.1063,1.64037,4.74127,-0.0642841,2.87099,-0.406122,-7.17742,1.21997,-3.65154,-5.16891,-1.58218,-1.85047,-8.45379,-1.8822,2.86906,-1.72088,-0.927813,1.20777,1.05356e-14,7.55382e-15,-32.1954,27.307,-91.4878,113.556,-5.44707,-33.1422,24.8197,7.12502,-6.35147,-5.06508,1.05356e-14,7.55382e-15,-67.294,0.873038,87.3013,112.358,29.7557,-35.3104,12.221,7.12502,-8.44434,42.0322,23.3894,7.4551,35.9585,28.1977,28.1426,-4.17165,18.6461,-37.4021,-9.76703,-8.05516,26.0091,7.17083,-1.4932,-20.2108
1.83109,18.4992,25.8489,5.96502,-1.21419,-6.36902,12.8693,1.65077,4.98328,0.0947099,2.90542,-0.381511,-6.85982,1.24256,-3.75185,-5.29918,-1.52881,-1.77874,-8.72756,-1.81175,2.77858,-1.78982,-0.892935,1.16881,-7.26558e-14,-3.18055e-15,-32.8381,27.1947,-91.8163,112.404,-5.62303,-31.9772,28.7215,7.12502,-5.22669,-1.19407,-7.26558e-14,-3.18055e-15,-66.3188,0.909889,87.1665,112.339,29.7168,-35.5758,12.631,7.12502,-8.7005,42.4317,22.2781,7.05002,36.0258,32.6304,27.9951,-4.27221,19.0116,-36.1729,-10.344,-7.43067,22.8416,7.68103,0.264194,-16.7855
1.82636,18.4558,26.3693,5.82658,-1.24724,-6.35445,12.7052,1.64308,4.92265,0.301085,2.86459,-0.470741,-6.54878,1.23768,-3.79129,-5.16874,-1.49528,-1.81074,-9.17939,-1.75062,2.92511,-1.95932,-0.865671,1.22864,2.69353e-14,-1.43125e-14,-33.4179,26.917,-92.076,111.064,-5.67607,-30.9246,30.7914,7.12502,-4.21035,0.853251,2.69353e-14,-1.43125e-14,-65.0676,0.746446,87.1049,112.139,29.6345,-36.2127,13.368,7.12502,-9.31499,43.1422,20.9873,6.51507,35.704,37.2439,28.2497,-4.70185,16.3377,-35.064,-10.0643,-7.93075,21.1809,7.60615,1.00979,-18.0334
1.81166,18.404,26.8775,5.69524,-1.18024,-6.16718,12.582,1.60472,4.5882,0.458275,2.74625,-0.592117,-6.33254,1.19828,-3.70077,-4.68273,-1.44804,-1.89841,-9.75625,-1.66065,3.22667,-2.23328,-0.828779,1.35466,-5.1684e-14,-1.59028e-15,-34.1766,26.4931,-92.4476,109.719,-5.69717,-30.1721,31.0408,7.12502,-3.48365,1.08949,-5.1684e-14,-1.59028e-15,-63.7059,0.404475,87.005,111.865,29.8765,-36.582,14.4677,7.12502,-9.67136,44.2257,19.3393,6.07431,35.3527,42.1442,28.8404,-5.87706,13.0685,-34.0083,-9.41957,-8.86155,20.1026,7.67514,1.85929,-21.4184
1.78409,18.3455,27.3851,5.33561,-1.41905,-5.80174,12.9001,1.65476,3.76118,0.555309,2.69673,-0.698688,-6.44383,1.19493,-3.35017,-4.11832,-1.37647,-1.79298,-10.2606,-1.56012,3.28442,-2.50322,-0.789681,1.36931,-5.96354e-15,2.38542e-15,-35.2595,26.051,-92.898,108.336,-5.63163,-29.4693,30.0453,7.12502,-2.80498,0.0840073,-5.96354e-15,2.38542e-15,-62.4713,0.132154,86.8736,111.608,30.0926,-36.2484,14.4716,7.12502,-9.34949,44.2443,17.7756,5.88203,34.8978,47.2328,29.6277,-7.35094,14.0077,-32.4462,-8.14844,-10.2618,19.2945,7.81987,2.7073,-24.0162
1.76264,18.2632,27.8843,4.63781,-1.6696,-5.3507,13.64,1.65416,2.94351,0.714143,2.58385,-0.846404,-6.72612,1.15608,-3.05329,-3.97661,-1.31722,-1.75538,-10.3476,-1.47002,3.43661,-2.55981,-0.751608,1.41467,4.55217e-14,-9.54166e-15,-36.3109,25.4539,-93.3627,106.688,-5.25773,-28.6146,28.884,7.12502,-1.97945,-1.08656,4.55217e-14,-9.54166e-15,-61.0147,-0.291334,86.7098,111.189,30.5222,-35.8659,14.2627,7.12502,-8.98043,44.0516,16.5656,5.38183,34.1925,52.3439,30.3109,-8.49184,19.429,-30.7066,-6.89944,-11.7728,18.8176,8.34937,3.09829,-24.5339
1.75403,18.1549,28.3907,3.96215,-1.35251,-4.86894,14.1339,1.45443,2.41138,0.977725,2.23241,-1.01879,-6.75816,1.00002,-2.88248,-4.16407,-1.26969,-1.8021,-10.1889,-1.38915,3.68,-2.47516,-0.713529,1.49661,6.75868e-15,6.36111e-15,-37.1195,24.6163,-93.6208,105.151,-4.46032,-28.1483,27.6055,7.12502,-1.52913,-2.36874,6.75868e-15,6.36111e-15,-59.2812,-0.941362,86.6327,110.839,31.197,-36.0143,14.9615,7.12502,-9.12361,44.7441,15.3805,4.16743,33.2212,57.3443,30.4586,-9.08344,23.0519,-29.498,-6.16404,-13.2085,18.9464,9.18847,2.32943,-22.3484
1.74373,18.0472,28.9014,3.55369,-0.900939,-3.92716,14.4417,1.23833,1.41283,1.18036,1.76907,-1.31473,-6.76349,0.800911,-2.54763,-4.52653,-1.13591,-1.67002,-9.96621,-1.20727,3.7762,-2.34289,-0.625498,1.4962,-1.63003e-14,-3.97569e-15,-37.7408,23.9523,-93.7434,103.512,-4.02226,-28.0509,26.5425,7.12502,-1.43511,-3.43243,-1.63003e-14,-3.97569e-15,-57.5668,-1.63223,86.5507,110.679,31.9333,-36.2824,16.0941,7.12502,-9.38232,45.8653,13.796,2.73292,31.4952,62.2979,30.1614,-9.62752,24.102,-28.5367,-5.52981,-15.046,20.0231,8.66616,-0.46816,-21.1995
1.73374,17.9455,29.4173,3.09532,-0.902631,-3.19707,14.8058,1.17397,0.459173,1.32443,1.51495,-1.51967,-6.84433,0.701337,-2.18279,-4.85488,-1.01383,-1.58119,-9.58995,-1.04723,3.86503,-2.16609,-0.545484,1.50012,1.31198e-14,-7.95139e-15,-38.5509,23.4609,-93.9919,101.344,-4.26528,-28.5598,27.5848,7.12502,-1.92661,-2.38625,1.31198e-14,-7.95139e-15,-55.8874,-2.40877,86.5273,110.548,32.5161,-36.2245,17.2811,7.12502,-9.32645,47.0548,12.0791,1.61558,29.8074,67.4124,29.3561,-9.89927,23.1546,-27.7325,-4.13686,-16.8393,22.1446,5.97412,-3.39721,-18.5493
1.7226,17.8356,29.9136,2.68047,-0.830271,-3.05377,15.2241,1.0334,0.0613102,1.46441,1.261,-1.52321,-6.94507,0.588543,-1.91791,-5.19843,-0.907304,-1.68943,-9.20384,-0.892606,4.13285,-1.98473,-0.464069,1.59713,2.98177e-15,1.98785e-14,-39.4232,22.8209,-94.1141,99.2591,-4.17377,-29.1127,28.6045,7.12502,-2.46058,-1.36106,2.98177e-15,1.98785e-14,-54.0098,-3.36943,86.5082,110.468,33.2448,-35.974,17.3936,7.12502,-9.08472,47.178,10.1849,0.541124,28.881,72.2828,28.6065,-10.2888,24.3638,-27.2136,-3.05733,-17.7448,25.2279,2.2856,-4.45946,-16.6022
1.68229,17.6882,30.304,2.20206,-1.83067,-3.68199,17.0938,1.31259,-0.316061,1.32487,1.56569,-1.19387,-8.14136,0.741214,-1.47512,-5.0844,-0.830245,-1.90014,-9.31597,-0.768328,4.33373,-2.04546,-0.40122,1.70205,-2.08724e-14,3.97569e-15,-40.1242,21.9389,-93.9871,97.2282,-3.73433,-29.1638,28.65,7.12502,-2.5099,-1.31496,-2.08724e-14,3.97569e-15,-51.9518,-4.46772,86.5996,110.44,34.0014,-36.1819,17.459,7.12502,-9.28533,47.2345,7.55193,0.570184,29.2202,77.4834,28.4362,-12.1537,24.6368,-27.1802,-1.63109,-17.3734,28.9606,-0.947636,-4.25779,-16.6606
1.66519,17.5959,30.8416,1.7277,-1.79547,-2.10937,16.9438,1.35268,-2.19857,1.54921,1.24029,-1.53687,-7.85524,0.643135,-0.69049,-4.7366,-0.811602,-2.01787,-9.437,-0.734922,4.42609,-2.14707,-0.387562,1.75788,-8.94531e-15,2.3059e-14,-41.0154,20.8077,-93.9476,95.0881,-3.4248,-29.2025,28.9185,7.12502,-2.54732,-1.04609,-8.94531e-15,2.3059e-14,-49.9461,-5.59344,86.6667,110.438,34.4345,-37.3493,16.7326,7.12502,-10.4116,46.4549,6.65083,-0.531937,26.3943,81.4528,27.104,-13.7333,25.7894,-26.5932,-1.31161,-19.5478,32.946,-4.07149,-4.30363,-11.1351
1.70171,17.5067,31.3522,1.44054,-0.37638,-1.36572,17.1506,0.669181,-2.12982,1.72634,0.326224,-1.83459,-7.76894,0.194971,-0.835497,-4.55742,-0.820481,-2.18497,-9.63661,-0.729628,4.5738,-2.24494,-0.386128,1.8405,-1.23246e-14,1.03368e-14,-41.7511,19.5549,-93.8616,93.0203,-3.30885,-29.6049,28.2267,7.12502,-2.93593,-1.73286,-1.23246e-14,1.03368e-14,-47.6478,-6.76901,86.7561,110.389,34.4678,-37.9487,15.7683,7.12502,-10.9898,45.4606,5.13236,-2.88436,24.2096,85.248,25.9861,-14.4709,27.5939,-26.669,-2.5017,-20.8327,36.5647,-6.06582,-3.84798,-5.53389
1.70964,17.4079,31.8179,1.09783,0.443904,-1.08507,17.85,0.213907,-2.2268,1.96984,-0.315854,-1.91192,-7.88843,-0.112325,-0.714238,-4.22638,-0.737863,-2.3791,-10.5935,-0.570724,4.82412,-2.63052,-0.316432,1.97519,1.21259e-14,-2.62396e-14,-42.1773,18.279,-93.6857,91.0838,-3.34692,-29.8141,26.9029,7.12502,-3.1379,-3.05371,1.21259e-14,-2.62396e-14,-44.8694,-7.94987,86.6675,110.338,34.3533,-37.8638,13.5115,7.12502,-10.9079,43.2082,2.925,-4.47056,23.009,89.0853,25.4317,-14.5307,28.338,-26.2727,-3.33769,-21.3912,39.4683,-8.34309,-2.95714,-5.7782
1.69969,17.3322,32.2804,0.51627,0.977789,-0.0536214,18.7286,0.0435314,-3.31572,2.33395,-0.806022,-2.20179,-7.96143,-0.318837,-0.287121,-3.52848,-0.670882,-2.71762,-12.026,-0.388882,5.39873,-3.25956,-0.247038,2.26059,1.03368e-14,1.19271e-14,-42.4167,16.817,-93.4161,89.054,-4.15096,-29.9838,26.4789,7.12502,-3.30185,-3.47525,1.03368e-14,1.19271e-14,-41.7571,-9.4147,86.3682,110.288,34.305,-37.9701,11.4636,7.12502,-11.0105,41.1548,0.756448,-5.77868,20.9021,92.8439,25.2861,-13.7425,28.2645,-24.9561,-4.11969,-22.703,41.5381,-10.7734,-2.56236,-7.07468
1.68491,17.2596,32.7498,0.19526,1.0323,1.6692,18.9781,0.185277,-5.14246,2.65002,-1.03336,-2.69218,-7.72586,-0.38713,0.276784,-3.09043,-0.685622,-3.11713,-12.9248,-0.331023,5.92849,-3.66513,-0.229994,2.53843,1.66979e-14,2.3059e-14,-42.8568,15.2351,-93.0497,87.0867,-5.57849,-30.6844,27.0558,7.12502,-3.97842,-2.88678,1.66979e-14,2.3059e-14,-38.5689,-11.1172,85.9405,110.241,34.2711,-38.2742,12.4583,7.12502,-11.3037,42.1337,-1.72416,-6.68246,17.8397,96.4832,25.7996,-12.8383,28.9159,-23.3688,-4.61126,-24.7141,42.8324,-13.0254,-2.01208,-8.29073
1.667,17.1993,33.2094,0.571193,0.254283,2.62298,18.5887,0.503661,-6.38435,2.59409,-0.864478,-2.99372,-7.56821,-0.278536,0.608668,-2.60884,-0.719092,-3.16869,-13.5196,-0.349927,6.05358,-3.96887,-0.252606,2.61203,4.57205e-15,1.27222e-14,-43.7849,13.6721,-92.8218,85.2641,-7.2806,-31.9361,27.622,7.12502,-5.18701,-2.29457,4.57205e-15,1.27222e-14,-35.6933,-12.7813,85.4102,110.2,34.0812,-38.2722,13.5022,7.12502,-11.3018,43.1777,-5.42081,-6.66634,16.1886,99.8427,25.7066,-12.1385,28.8533,-22.3386,-4.32538,-25.7678,43.638,-14.7902,-1.1819,-10.4108
1.66345,17.1495,33.6595,0.973863,-0.567064,2.96702,18.6051,0.738576,-6.88954,2.29425,-0.695284,-3.15608,-7.91121,-0.171833,0.672232,-2.16771,-0.730408,-3.16719,-13.7773,-0.345377,6.22219,-4.14807,-0.265459,2.68331,-9.54166e-15,-2.06736e-14,-44.9918,12.3588,-92.6149,83.52,-9.17374,-32.751,27.5041,7.12502,-5.97385,-2.39169,-9.54166e-15,-2.06736e-14,-32.9857,-14.3494,84.8628,109.974,33.6477,-38.4485,12.7294,7.12502,-11.4718,42.3955,-9.21607,-6.50558,15.5032,102.684,24.6448,-10.6979,28.8822,-21.2567,-3.86286,-26.2477,44.3015,-16.1445,-0.663371,-11.8819
1.67845,17.1109,34.117,1.06786,-0.781192,2.61446,18.2407,0.615152,-6.41792,2.61492,-0.702979,-3.10411,-7.36625,-0.207753,0.469838,-2.66263,-0.713458,-3.21848,-13.7741,-0.302716,6.33472,-4.05565,-0.23945,2.72409,5.96354e-16,-8.74653e-15,-45.2197,11.5007,-92.2009,81.7946,-11.3637,-33.583,27.0194,7.12502,-6.77702,-2.85216,5.96354e-16,-8.74653e-15,-29.2679,-15.4803,84.0552,109.83,33.2384,-38.3308,14.909,7.12502,-11.3583,44.5814,-12.2845,-6.71918,15.7046,104.762,23.6921,-9.97336,29.8829,-19.8117,-3.76768,-26.086,44.9059,-17.5274,-0.144378,-14.0668
1.69222,17.0767,34.5791,1.41994,-0.928125,1.79421,17.9177,0.368968,-5.37812,2.51039,-0.788639,-2.92307,-7.31087,-0.274736,0.0995609,-2.84916,-0.661365,-3.44844,-13.318,-0.23844,6.45562,-3.86246,-0.19512,2.79401,-5.96354e-16,4.77083e-15,-46.0191,10.9285,-91.9413,80.297,-13.7123,-34.647,26.8509,7.12502,-7.80407,-2.98506,-5.96354e-16,4.77083e-15,-26.4495,-16.3842,83.3889,109.704,32.502,-37.9486,15.3966,7.12502,-10.9897,45.0889,-15.5938,-6.82325,16.7372,106.354,23.171,-10.0162,30.2685,-18.5459,-3.73202,-25.4499,45.3534,-18.7738,0.527584,-15.2596
1.69475,17.0605,35.046,1.72803,-1.16872,1.60453,17.6193,0.198444,-5.10748,2.35099,-0.94533,-2.89721,-7.3185,-0.355673,0.0106765,-3.0476,-0.632926,-3.64792,-12.7806,-0.210406,6.56733,-3.63775,-0.16951,2.85421,1.23246e-14,8.74653e-15,-46.8699,10.4394,-91.7223,79.1818,-15.8166,-35.2997,25.8466,7.12502,-8.434,-3.96503,1.23246e-14,8.74653e-15,-23.9311,-17.0673,82.68,109.681,31.6845,-37.5089,14.6862,7.12502,-10.5656,44.4006,-18.8703,-6.79099,17.0959,107.514,22.3084,-10.0602,29.8086,-16.9952,-3.69453,-25.4865,45.5173,-19.466,0.713013,-17.1981
1.68842,17.0746,35.5122,1.96364,-1.31216,1.67638,17.3392,-0.00972492,-5.19358,2.28142,-1.21975,-2.91823,-7.22925,-0.487268,0.0993548,-3.17678,-0.507866,-3.76919,-12.4215,-0.0552201,6.57392,-3.49743,-0.0832369,2.8667,-5.36719e-15,-8.74653e-15,-47.659,10.0051,-91.5704,78.6139,-17.4236,-35.9348,24.3551,7.12502,-9.04689,-5.4309,-5.36719e-15,-8.74653e-15,-21.6112,-17.5186,82.0145,109.896,31.033,-37.5946,14.128,7.12502,-10.6483,43.8382,-22.2151,-6.82852,17.1988,108.234,21.3618,-9.60371,28.4438,-15.272,-3.69487,-25.7486,45.2175,-19.5829,0.710337,-20.2439
1.66667,17.1013,35.9791,2.12346,-1.92814,1.05563,17.165,-0.0772446,-5.00041,2.19781,-1.24207,-2.62695,-7.22012,-0.499233,0.306916,-3.23356,-0.252619,-3.69726,-12.1272,0.241049,6.19409,-3.39718,0.0753356,2.70961,-1.43125e-14,4.77083e-15,-48.5698,9.79383,-91.3547,78.3742,-18.6415,-35.8082,24.6176,7.12502,-8.92472,-5.1736,-1.43125e-14,4.77083e-15,-20.0458,-17.4344,81.8451,110.53,30.259,-37.5926,12.8129,7.12502,-10.6463,42.5231,-25.6215,-6.11621,18.4938,108.44,20.5732,-9.08206,26.9743,-13.3367,-3.20045,-25.175,44.4887,-19.8175,1.39888,-22.7341
1.67798,17.1364,36.4501,2.10437,-2.10382,1.7886,17.2183,-0.311014,-5.68913,2.11519,-1.6935,-2.71214,-7.30349,-0.696068,0.707144,-3.57731,0.00510463,-3.52113,-11.5409,0.522908,5.66189,-3.13803,0.23192,2.47565,1.17283e-14,2.54444e-14,-49.4053,10.051,-91.1635,78.0789,-19.1205,-35.1309,26.292,7.12502,-8.27111,-3.52604,1.17283e-14,2.54444e-14,-19.0323,-16.9273,81.8495,111.485,29.34,-36.9415,11.7007,7.12502,-10.0182,41.4422,-28.1854,-5.94278,17.6721,108.125,19.788,-7.7564,25.7239,-10.8616,-3.30223,-26.3051,43.3435,-20.0989,2.27404,-26.7645
1.67068,17.1881,36.9374,1.63633,-2.05232,2.62133,17.6524,-0.537117,-6.58166,2.03266,-2.21178,-2.82795,-7.57626,-0.911935,1.2114,-3.74155,0.23262,-3.29272,-10.814,0.762763,5.18168,-2.86279,0.361224,2.25506,-1.59028e-14,-2.54444e-14,-50.347,10.3436,-91.1013,77.5739,-18.8449,-34.7055,27.5896,7.12502,-7.86051,-2.24427,-1.59028e-14,-2.54444e-14,-18.2647,-16.8138,81.7077,112.512,28.9907,-35.9252,12.4813,7.12502,-9.03761,42.2677,-29.7242,-5.98922,16.778,107.138,19.101,-6.55486,23.003,-7.78409,-3.46739,-27.443,41.915,-18.5297,2.06398,-26.9936
1.66757,17.2458,37.4346,1.7795,-1.79872,3.05415,17.3348,-0.945725,-6.94712,1.88135,-2.79832,-2.82261,-7.5097,-1.18284,1.55009,-3.82333,0.57543,-3.19505,-10.3855,1.17509,4.75124,-2.71537,0.576878,2.08196,-1.47101e-14,-1.43125e-14,-51.0784,10.6154,-90.9122,77.1601,-18.6478,-34.8127,27.3092,7.12502,-7.96399,-2.52078,-1.47101e-14,-1.43125e-14,-17.5032,-16.8298,81.5728,113.417,29.213,-35.8007,11.6502,7.12502,-8.91746,41.4417,-31.6431,-6.13729,16.4371,105.68,17.0008,-5.23561,16.6505,-5.43618,-3.69554,-28.0422,40.436,-16.9552,1.94319,-28.5111
1.63208,17.3411,37.9499,1.8425,-1.90184,3.10224,16.8589,-1.1703,-7.46522,1.88014,-3.12622,-2.60805,-7.18378,-1.33494,2.12705,-3.87491,0.888467,-3.04453,-10.2377,1.55061,4.25385,-2.66317,0.771538,1.88308,-1.53064e-14,-7.15625e-15,-51.7454,10.63,-90.5204,77.2597,-18.328,-34.9635,26.0835,7.12502,-8.10957,-3.74086,-1.53064e-14,-7.15625e-15,-16.6072,-16.7024,81.4561,114.439,30.7524,-35.8323,10.5096,7.12502,-8.94799,40.2998,-33.8772,-5.66638,17.0357,103.605,16.3303,-3.82582,12.463,-3.08095,-3.49337,-28.0366,38.9206,-15.1131,1.54297,-31.1686
1.61038,17.4149,38.4601,1.82482,-1.9482,2.78333,16.2625,-1.48526,-7.32169,1.94223,-3.43216,-2.35365,-6.75242,-1.50273,2.35899,-3.74278,1.11133,-2.98904,-10.1767,1.81263,3.85555,-2.66954,0.908233,1.73748,3.77691e-15,-1.43125e-14,-52.5525,10.4865,-90.0537,77.6737,-17.3396,-34.9942,24.7214,7.12502,-8.13914,-5.10188,3.77691e-15,-1.43125e-14,-15.9204,-16.5554,81.4663,115.426,32.1705,-35.769,8.99721,7.12502,-8.88694,38.7901,-35.0019,-4.99898,17.7663,101.171,15.6492,-3.14037,12.5925,-0.780143,-3.34286,-27.6639,37.5363,-12.8005,0.869461,-33.0671
1.59604,17.5034,38.9803,1.73257,-1.92545,2.63328,16.294,-1.85639,-7.20317,1.66809,-3.90964,-2.19666,-7.01986,-1.71902,2.56692,-3.66455,1.34791,-2.76427,-9.73779,2.08358,3.45293,-2.53535,1.04504,1.55874,-4.17448e-15,1.35174e-14,-53.6372,10.5613,-89.8216,77.6745,-16.0251,-34.4061,24.1053,7.12502,-7.57158,-5.73916,-4.17448e-15,1.35174e-14,-16.2426,-17.0234,81.6933,116.617,31.6798,-37.3684,10.2101,7.12502,-10.4301,39.9314,-35.719,-4.43017,18.1752,98.3579,14.6392,-2.44079,10.1357,1.63559,-3.05871,-27.4089,35.9793,-10.291,-0.428385,-32.8619
1.57064,17.5876,39.5214,1.6288,-2.08732,2.86589,15.6863,-2.12318,-7.61506,1.75139,-4.26484,-2.14206,-6.5271,-1.9028,2.89047,-4.15622,1.51599,-2.4985,-9.18542,2.26961,3.01591,-2.25825,1.14341,1.36718,5.32743e-14,2.3059e-14,-53.9511,10.7454,-89.5731,77.2339,-14.7696,-33.8472,24.5885,7.12502,-7.03209,-5.27465,5.32743e-14,2.3059e-14,-15.5575,-15.5688,81.0862,117.943,38.3896,-34.8757,11.0246,7.12502,-8.02478,40.8523,-36.5381,-3.83891,18.2067,95.3835,13.35,-1.49705,7.39071,4.00426,-2.60462,-27.4777,34.4097,-7.64102,-1.63246,-32.7293
1.55642,17.6737,40.0494,1.73944,-1.91781,3.06384,15.2,-2.51574,-7.72056,1.61382,-4.75632,-2.06756,-6.34234,-2.14406,3.09627,-4.16087,1.64749,-2.64914,-8.82089,2.43637,2.94557,-2.14403,1.23315,1.36831,-9.54166e-15,3.18055e-15,-54.5797,10.7013,-89.2637,77.0087,-13.5898,-33.3946,24.5019,7.12502,-6.59519,-5.37537,-9.54166e-15,3.18055e-15,-15.8898,-17.2346,81.6456,118.152,31.6578,-37.2681,8.08531,7.12502,-10.3332,37.8114,-37.3588,-3.68899,18.2296,92.0736,11.9781,-0.63666,4.96372,6.19923,-2.57046,-27.5045,32.488,-3.90148,-2.79841,-31.3862
1.53467,17.7681,40.571,1.91077,-1.90512,2.87008,14.8284,-2.8275,-7.56588,1.35191,-5.11112,-1.87892,-6.37717,-2.31212,3.26026,-3.70629,1.78339,-3.05467,-8.72444,2.63513,3.2711,-2.21321,1.33473,1.54046,-1.96797e-14,3.18055e-14,-55.3919,10.4764,-88.9296,77.0975,-12.2992,-33.3424,23.8322,7.12502,-6.54474,-6.04664,-1.96797e-14,3.18055e-14,-16.0931,-17.4387,81.8505,119.027,32.5434,-37.2438,6.43231,7.12502,-10.3098,36.1596,-38.0738,-3.25249,18.7541,88.4063,10.6672,-0.302656,3.00084,8.17334,-2.35637,-27.0185,30.5135,0.505402,-3.63328,-30.1273
1.49047,17.8719,41.1158,1.19843,-2.13218,2.62765,16.2365,-2.97993,-7.91444,0.550622,-5.53823,-1.52588,-7.91713,-2.40535,4.04862,-3.33923,2.01617,-2.97811,-7.37467,2.89232,2.94401,-1.83668,1.46585,1.41369,-6.95746e-15,7.95139e-15,-57.4186,10.6713,-88.7349,77.1794,-11.0391,-33.384,24.7981,7.12502,-6.5849,-5.07948,-6.95746e-15,7.95139e-15,-17.9432,-17.6849,82.5679,120.086,32.6711,-37.5819,6.42501,7.12502,-10.6359,36.1358,-37.4042,-2.3957,19.2995,84.3522,9.24507,-0.487326,2.29394,11.1821,-1.80852,-26.3618,28.3376,4.84766,-3.8591,-28.3697
1.5109,17.95,41.6421,1.8835,-4.0061,2.4709,14.2499,-2.76897,-7.39688,0.858208,-4.96372,-1.53955,-6.58536,-2.22274,3.47943,-3.91032,2.14176,-3.17112,-7.52483,3.08471,3.04181,-1.79931,1.56902,1.4825,-2.78299e-14,-1.27222e-14,-56.8557,10.3037,-88.1757,76.5534,-9.61428,-33.7021,28.3626,7.12502,-6.89196,-1.50525,-2.78299e-14,-1.27222e-14,-16.9065,-18.1422,82.3477,120.71,32.6623,-37.8851,6.5701,7.12502,-10.9285,36.2657,-38.9244,-0.451101,19.3631,80.2967,8.67928,-0.0664895,1.01159,12.5536,-0.968577,-26.5943,26.0505,9.28887,-2.26325,-25.8125
1.4986,18.0333,42.1873,1.88844,-4.7011,2.21866,14.3549,-2.84073,-7.20993,0.333256,-5.05485,-1.30498,-7.19475,-2.2299,3.66992,-4.24033,2.24218,-3.10125,-6.34738,3.19482,2.82251,-1.36268,1.62792,1.40338,7.55382e-15,4.77083e-15,-58.0783,10.3444,-87.8663,76.5945,-8.85471,-33.0712,28.6717,7.12502,-6.28295,-1.21509,7.55382e-15,4.77083e-15,-17.4824,-16.6625,82.2965,119.794,27.407,-35.2236,-0.190298,7.12502,-8.36052,29.6242,-38.9221,0.523981,19.6943,75.8829,7.67487,-0.0572115,-0.341757,14.9908,-1.22182,-26.5528,23.3214,14.2937,-0.616925,-21.184
1.47807,18.1128,42.7367,2.04742,-5.49999,2.0759,13.8156,-2.7779,-7.14289,-0.0724816,-4.9236,-1.10655,-7.33235,-2.15126,3.79818,-3.51981,2.42194,-3.12415,-6.14512,3.40339,2.56347,-1.42223,1.73087,1.31655,-2.00773e-14,2.14687e-14,-59.1681,10.0175,-87.3349,76.8779,-8.11699,-33.301,28.3247,7.12502,-6.50477,-1.55539,-2.00773e-14,2.14687e-14,-19.0153,-19.2141,83.6361,122.312,32.173,-38.5775,7.66413,7.12502,-11.5962,37.3233,-38.9967,1.56028,19.8674,71.3495,6.86175,-0.257054,-0.32728,17.3787,-1.67038,-26.7884,20.3591,19.1845,1.5294,-17.2415
1.46801,18.1821,43.2962,2.07823,-5.94284,2.09895,12.7048,-2.77679,-6.87327,-0.0746241,-4.78306,-1.07169,-6.74195,-2.12099,3.58364,-2.38722,2.62069,-3.01682,-6.64447,3.62016,2.0621,-1.76873,1.83832,1.12261,5.14852e-14,-2.46493e-14,-59.7229,9.46967,-86.7742,77.1146,-7.79943,-33.9991,28.1357,7.12502,-7.1787,-1.72251,5.14852e-14,-2.46493e-14,-19.4796,-20.2707,84.2359,123.003,31.8161,-38.8274,7.6684,7.12502,-11.8372,37.3138,-38.708,2.14999,19.7675,66.6774,5.9758,-0.437502,0.99826,20.2097,-1.21592,-26.8834,16.8372,24.5757,2.62526,-13.7019
1.4681,18.2363,43.8684,1.96505,-6.04083,2.54988,11.8789,-3.02467,-7.00481,-0.120679,-5.06894,-1.15722,-6.2928,-2.27803,3.55417,-2.72953,2.59886,-2.54068,-5.73071,3.56259,1.55782,-1.39288,1.80621,0.88977,-2.38542e-15,3.18055e-15,-60.4089,9.53438,-86.5836,77.2375,-7.97213,-33.1775,28.5866,7.12502,-6.38558,-1.29719,-2.38542e-15,3.18055e-15,-20.1065,-21.087,84.6675,123.768,32.6162,-38.4977,6.28655,7.12502,-11.5193,35.95,-38.1259,2.11869,19.1721,61.9877,5.0081,-0.335162,0.314792,23.3544,-1.09277,-27.4216,13.0433,29.4967,4.19346,-8.75767
1.46506,18.2969,44.442,1.98368,-6.24171,2.8033,11.5132,-3.21746,-7.01793,-0.452789,-5.31465,-1.14948,-6.41406,-2.38593,3.59301,-3.07272,2.68365,-2.15698,-4.75733,3.65609,1.16178,-1.01366,1.84905,0.710648,-5.74488e-14,-3.02153e-14,-61.3398,9.67627,-86.3666,77.9682,-9.13071,-32.1305,27.6058,7.12502,-5.37469,-2.30608,-5.74488e-14,-3.02153e-14,-21.2186,-21.6542,85.2824,124.348,33.1254,-38.1356,4.27117,7.12502,-11.17,33.9538,-37.5052,2.19686,18.8196,57.1576,4.15935,-0.138776,-1.60755,26.4489,-0.916202,-27.6482,9.04918,33.4609,5.6631,-4.63108
1.46189,18.3567,44.9936,2.2987,-6.40048,2.86189,10.606,-3.31628,-6.74917,-0.452676,-5.33032,-1.09625,-5.91784,-2.4251,3.43283,-3.46657,2.65304,-2.08709,-4.45865,3.61361,0.960156,-0.848949,1.82824,0.643772,-2.73329e-15,-1.19271e-14,-61.4946,9.38414,-85.83,78.483,-10.0615,-33.1197,24.1605,7.12502,-6.3298,-5.72496,-2.73329e-15,-1.19271e-14,-21.3986,-22.2793,85.6646,124.583,32.5257,-38.0079,3.024,7.12502,-11.0469,32.7133,-37.0035,2.41643,18.6622,52.0388,3.65282,-0.165168,-2.97516,31.2881,-0.948217,-27.3718,0.901442,38.7539,6.36662,-4.1447
1.45797,18.4096,45.5237,2.64124,-6.55049,2.96143,11.8782,-3.40307,-6.72477,-1.85231,-5.614,-0.855177,-8.09702,-2.4306,3.88209,-2.7323,2.7519,-2.28702,-3.48798,3.73409,0.95949,-0.67708,1.88667,0.673122,6.81583e-14,8.74653e-15,-63.7782,9.70854,-85.5639,79.3127,-11.0185,-35.7624,17.6683,7.12502,-8.88055,-12.1248,6.81583e-14,8.74653e-15,-24.1571,-23.2904,87.4963,124.941,26.8841,-37.4316,8.81316,7.12502,-10.491,38.5314,-36.4736,2.89431,18.3727,46.7817,3.39612,-0.42628,-4.75906,32.4198,-0.873195,-27.427,-4.13472e-14,39.9779,5.62268,-5.31309
